"Drug","Sum(Col8)"
"ACIDO ACETILSALICILICO",44121
"FUROSEMIDE",34254
"WARFARIN SODICO",27091
"RAMIPRIL",23824
"VACCINO DIFTERITE/EPATITE B RICOMBINANTE/HAEMOFILUS INFLUENZAE B CONIUGATO E ADIUVATO/PERTOSSE ACELLULARE/POLIOMELITE INATTIVATO/TETANO",20559
"LEVOTIROXINA SODICA",19294
"VACCINO MORBILLO/PAROTITE/ROSOLIA",18787
"LANSOPRAZOLO",17858
"AMOXICILLINA TRIIDRATO/POTASSIO CLAVULANATO",17473
"OMEPRAZOLO",16941
"VACCINO PNEUMOCOCCICO POLISACCARIDICO CONIUGATO 13VALENTE ADSORBITO",16830
"ALLOPURINOLO",16336
"PARACETAMOLO",15208
"ATORVASTATINA CALCIO TRIIDRATO",13600
"SIMVASTATINA",13514
"PREDNISONE",13333
"FLUOROURACILE",13071
"OXALIPLATINO",12514
"AMLODIPINA BESILATO",11163
"METFORMINA CLORIDRATO",10913
"VACCINO MORBILLO/PAROTITE/ROSOLIA/VARICELLA",10828
"BISOPROLOLO FUMARATO",10650
"LORAZEPAM",10448
"PANTOPRAZOLO SODICO SESQUIDRATO",10371
"DESAMETASONE FOSFATO SODICO",10125
"VACCINO VARICELLA VIVO",10106
"PACLITAXEL",9938
"BISOPROLOLO EMIFUMARATO",9765
"PANTOPRAZOLO",9736
"IBUPROFENE",8701
"VACCINO MENINGOCOCCO B, MULTICOMPONENTE",8569
"KETOPROFENE SALE DI LISINA",8556
"METFORMINA",8384
"ENOXAPARINA SODICA",8159
"METILPREDNISOLONE",8145
"VACCINO PAPILLOMAVIRUS UMANO (TIPI UMANI 16, 18)",8109
"RIBAVIRINA",8016
"COLECALCIFEROLO",7944
"ATENOLOLO",7870
"CARVEDILOLO",7829
"ALPRAZOLAM",7823
"DIGOSSINA",7804
"RANITIDINA CLORIDRATO",7799
"CARBOPLATINO",7618
"LEVOFLOXACINA EMIIDRATO",7429
"AMIODARONE CLORIDRATO",7133
"INSULINA GLARGINE",7075
"CEFTRIAXONE DISODICO",6992
"CLOPIDOGREL IDROGENOSOLFATO",6830
"ROSUVASTATINA SALE DI CALCIO",6802
"NITROGLICERINA",6724
"CICLOFOSFAMIDE",6721
"ACIDO FOLICO",6542
"RITUXIMAB",6445
"AMOXICILLINA/ACIDO CLAVULANICO",6307
"ENALAPRIL MALEATO",6256
"PREGABALIN",6244
"AMOXICILLINA TRIIDRATO",6193
"LISINA ACETILSALICILATO",6174
"TRAMADOLO CLORIDRATO",6168
"DESAMETASONE",6114
"PARACETAMOLO/CODEINA FOSFATO",6003
"NEBIVOLOLO CLORIDRATO",5941
"BEVACIZUMAB",5863
"CLARITROMICINA",5855
"VACCINO DIFTERITE/PERTOSSE/POLIOMELITE/TETANO",5763
"IOMEPROLO",5642
"DOXAZOSINA MESILATO",5581
"TAMSULOSINA CLORIDRATO",5481
"CLORFENAMINA MALEATO",5435
"LENALIDOMIDE",5400
"VALSARTAN",5397
"CISPLATINO",5325
"TERIPARATIDE",5263
"CAPECITABINA",5121
"QUETIAPINA FUMARATO",4986
"DABIGATRAN ETEXILATO MESILATO",4835
"TRIMETOPRIM/SULFAMETOXAZOLO",4802
"NIMESULIDE",4754
"CICLOSPORINA",4721
"INFLIXIMAB",4616
"ATORVASTATINA",4602
"METOTREXATO",4584
"CETUXIMAB",4429
"INSULINA LISPRO DA DNA RICOMBINANTE",4396
"OLANZAPINA",4362
"CLONAZEPAM",4303
"VALSARTAN/IDROCLOROTIAZIDE",4265
"SERTRALINA CLORIDRATO",4253
"DELORAZEPAM",4210
"IRINOTECAN CLORIDRATO TRIIDRATO",4203
"DICLOFENAC SODICO",4182
"CARBAMAZEPINA",4164
"TICLOPIDINA CLORIDRATO",4160
"ESCITALOPRAM OSSALATO",4096
"VACCINO MENINGOCOCCICO GRUPPO C CONIUGATO CON TOSSOIDE DIFTERICO",4068
"ESOMEPRAZOLO MAGNESIO TRIIDRATO",4018
"IRBESARTAN",3971
"IOPROMIDE",3967
"OMEGA POLIENOICI (ESTERI ETILICI DI ACIDI GRASSI POLINSATURI)",3945
"AMOXICILLINA",3889
"RISPERIDONE",3871
"TRAZODONE CLORIDRATO",3842
"CANRENONE",3772
"BROMAZEPAM",3763
"LEVETIRACETAM",3742
"TRASTUZUMAB",3734
"TIOTROPIO BROMURO",3682
"SUNITINIB MALEATO",3654
"POTASSIO CANRENOATO",3642
"LEVOFLOXACINA",3632
"ACENOCUMAROLO",3525
"SALMETEROLO XINAFOATO/FLUTICASONE PROPIONATO",3466
"LOSARTAN POTASSICO",3403
"TELMISARTAN",3402
"GEMCITABINA CLORIDRATO",3398
"DULOXETINA CLORIDRATO",3394
"AMLODIPINA",3366
"REPAGLINIDE",3363
"SORAFENIB TOSILATO",3323
"DOCETAXEL",3319
"SPIRONOLATTONE",3307
"ALOPERIDOLO",3296
"INTERFERONE BETA 1A",3290
"METOTREXATO SODICO",3277
"FENTANIL",3231
"ACICLOVIR",3219
"RIVAROXABAN",3197
"IRBESARTAN/IDROCLOROTIAZIDE",3120
"AMILORIDE CLORIDRATO/IDROCLOROTIAZIDE",3087
"CLOPIDOGREL",3081
"RANITIDINA",3072
"GLATIRAMER ACETATO",3061
"METOPROLOLO TARTRATO",3049
"DIAZEPAM",3038
"ESOMEPRAZOLO",3025
"GABAPENTIN",3025
"OLMESARTAN MEDOXOMIL",3020
"ZOLPIDEM TARTRATO",3004
"ACIDO VALPROICO/SODIO VALPROATO",2974
"ADALIMUMAB",2973
"INTERFERONE ALFA 2A PEGILATO",2969
"VACCINO INFLUENZA PANDEMICO",2933
"DOCETAXEL TRIIDRATO",2921
"EVEROLIMUS",2908
"DOXORUBICINA CLORIDRATO",2899
"VACCINO PAPILLOMAVIRUS UMANO (TIPI UMANI 6, 11, 16, 18)",2896
"ACIDO URSODESOSSICOLICO",2865
"ONDANSETRONE",2861
"DUTASTERIDE",2847
"GLIMEPIRIDE",2843
"ONDANSETRONE CLORIDRATO",2821
"VENLAFAXINA CLORIDRATO",2820
"ETANERCEPT",2801
"CIPROFLOXACINA",2763
"RABEPRAZOLO SODICO",2751
"METFORMINA CLORIDRATO/GLIBENCLAMIDE",2738
"VACCINO PNEUMOCOCCICO POLISACCARIDICO CONIUGATO ADSORBITO",2732
"CITALOPRAM",2729
"GLICLAZIDE",2723
"ARIPIPRAZOLO",2721
"CALCIO CARBONATO/COLECALCIFEROLO",2721
"POTASSIO CLORURO",2721
"VACCINO INFLUENZA VIRUS FRAMMENTATO",2704
"PAROXETINA CLORIDRATO",2699
"BETAMETASONE FOSFATO DISODICO",2692
"NIFEDIPINA",2679
"MESALAZINA",2675
"CALCIO LEVOFOLINATO",2674
"KETOROLAC SALE DI TROMETAMOLO",2660
"RAMIPRIL/IDROCLOROTIAZIDE",2630
"LERCANIDIPINA CLORIDRATO",2623
"LORMETAZEPAM",2617
"KETOPROFENE",2539
"INSULINA",2518
"ETORICOXIB",2513
"CIPROFLOXACINA CLORIDRATO",2505
"SOFOSBUVIR",2504
"INSULINA ASPART",2495
"PEMETREXED DISODICO",2452
"OXICODONE CLORIDRATO/NALOXONE CLORIDRATO DIIDRATO",2450
"ACIDO ZOLEDRONICO MONOIDRATO",2436
"ACIDO ACETILSALICILICO/MAGNESIO IDROSSIDO/ALGELDRATO",2423
"FINGOLIMOD CLORIDRATO",2408
"FENOBARBITAL",2391
"APIXABAN",2361
"DILTIAZEM CLORIDRATO",2361
"OLMESARTAN MEDOXOMIL/IDROCLOROTIAZIDE",2357
"EPIRUBICINA CLORIDRATO",2313
"ERLOTINIB CLORIDRATO",2301
"DICLOFENAC",2300
"IMMUNOGLOBULINA UMANA NORMALE",2288
"MIRTAZAPINA",2273
"FLUCONAZOLO",2261
"BISOPROLOLO",2253
"LEVODOPA/CARBIDOPA",2253
"ETOPOSIDE",2249
"VERAPAMIL CLORIDRATO",2227
"NIVOLUMAB",2223
"CITARABINA",2219
"LETROZOLO",2202
"VACCINO DIFTERITE ADSORBITO/TETANO ADSORBITO",2188
"SODIO FERRIGLUCONATO",2186
"TICLOPIDINA",2178
"TRIAZOLAM",2156
"ALFUZOSINA CLORIDRATO",2155
"TIAMAZOLO (METIMAZOLO)",2153
"SODIO VALPROATO",2151
"RIFAXIMINA",2136
"MICOFENOLATO MOFETILE",2128
"IDROXICLOROCHINA SOLFATO",2127
"PIPERACILLINA SODICA/TAZOBACTAM SODICO",2124
"LOSARTAN POTASSICO/IDROCLOROTIAZIDE",2110
"ISOSORBIDE MONONITRATO",2081
"ONDANSETRONE CLORIDRATO DIIDRATO",2080
"CALCITRIOLO",2055
"GEMCITABINA",2055
"BORTEZOMIB",2025
"LAMOTRIGINA",2025
"FLECAINIDE ACETATO",2021
"ENALAPRIL",1999
"BECLOMETASONE DIPROPIONATO",1967
"TOPIRAMATO",1941
"METILPREDNISOLONE EMISUCCINATO SODICO",1938
"VACCINO PNEUMOCOCCICO",1934
"LAMIVUDINA",1929
"TIOCOLCHICOSIDE",1916
"PROPAFENONE CLORIDRATO",1909
"LITIO CARBONATO",1908
"FERROSO SOLFATO",1891
"VACCINO INFLUENZA VIRIONE SPLIT INATTIVATO",1886
"AZITROMICINA DIIDRATO",1874
"CLOZAPINA",1847
"VACCINO EPATITE A",1809
"NADROPARINA CALCICA",1806
"FUROSEMIDE/SPIRONOLATTONE",1783
"ACETILCISTEINA",1778
"DOMPERIDONE",1773
"PROMAZINA CLORIDRATO",1771
"CALCIO CARBONATO",1768
"CANDESARTAN CILEXETIL",1760
"AZATIOPRINA",1759
"VACCINO DIFTERITE ADSORBITO/PERTOSSE ADSORBITO/TETANO ADSORBITO",1745
"PAROXETINA",1742
"OXICODONE CLORIDRATO/PARACETAMOLO",1741
"VACCINO DIFTERITE/PERTOSSE ACELLULARE/TETANO",1735
"LEFLUNOMIDE",1725
"SALBUTAMOLO SOLFATO",1719
"ENALAPRIL MALEATO/IDROCLOROTIAZIDE",1703
"SERTRALINA",1703
"IDROCLOROTIAZIDE",1698
"FINASTERIDE",1691
"EZETIMIBE/SIMVASTATINA",1690
"AMITRIPTILINA CLORIDRATO",1680
"IMATINIB MESILATO",1679
"LEVODOPA/BENSERAZIDE CLORIDRATO",1674
"BARNIDIPINA CLORIDRATO",1669
"PANITUMUMAB",1669
"PANTOPRAZOLO SODICO",1663
"ACIDO GADOBENICO SALE DIMEGLUMINICO",1661
"TELMISARTAN/IDROCLOROTIAZIDE",1660
"QUETIAPINA",1651
"PROPRANOLOLO CLORIDRATO",1643
"AMIODARONE",1636
"METOCLOPRAMIDE MONOCLORIDRATO MONOIDRATO",1636
"NATALIZUMAB",1629
"FILGRASTIM",1623
"OXICODONE CLORIDRATO",1607
"GRANISETRONE CLORIDRATO",1599
"TAPENTADOLO CLORIDRATO",1592
"RITONAVIR",1580
"PALONOSETRON CLORIDRATO",1578
"TICAGRELOR",1572
"INTERFERONE ALFA 2B PEGILATO",1550
"TACROLIMUS",1546
"CITALOPRAM BROMIDRATO",1538
"METOPROLOLO",1533
"LEVOSULPIRIDE",1522
"ANASTROZOLO",1516
"IOBITRIDOLO",1516
"VEMURAFENIB",1516
"VINCRISTINA",1510
"LISINOPRIL DIIDRATO",1501
"EMTRICITABINA/TENOFOVIR DISOPROXIL",1488
"CETIRIZINA DICLORIDRATO",1477
"VACCINO INFLUENZA INATTIVATO",1469
"IDROCORTISONE EMISUCCINATO SODICO",1466
"BACLOFENE",1462
"PIRFENIDONE",1460
"VINCRISTINA SOLFATO",1454
"CEFIXIMA",1448
"BICALUTAMIDE",1429
"PRAVASTATINA SODICA",1428
"OXCARBAZEPINA",1427
"TORASEMIDE",1427
"ABATACEPT",1426
"IODIXANOLO",1424
"VACCINO TETANICO ADSORBITO",1400
"ACIDO ACETILSALICILICO/ACIDO ASCORBICO",1375
"VACCINO MENINGOCOCCICO GRUPPO A, C, W135, Y CONIUGATO CON TOSSOIDE DIFTERICO",1372
"EXEMESTANE",1363
"PRAMIPEXOLO DICLORIDRATO MONOIDRATO",1351
"FENOFIBRATO",1350
"RIVASTIGMINA",1348
"TRAMADOLO CLORIDRATO/PARACETAMOLO",1341
"CLOPIDOGREL CLORIDRATO",1337
"VACCINO MENINGOCOCCICO GRUPPO A, C, W135, Y, CONIUGATO CON TOSSOIDE TETANICO",1335
"PROPOFOL",1328
"ZOFENOPRIL CALCIO",1328
"INSULINA GLULISINA",1320
"METRONIDAZOLO",1316
"TELAPREVIR",1315
"SILODOSINA",1309
"EXENATIDE",1306
"TOCILIZUMAB",1306
"ACIDO LEVOFOLINICO",1299
"VACCINO ROTAVIRUS",1295
"SOTALOLO CLORIDRATO",1287
"LISINOPRIL DIIDRATO/IDROCLOROTIAZIDE",1277
"NISTATINA",1268
"MACROGOL 3350/SODIO BICARBONATO/SODIO CLORURO/POTASSIO CLORURO",1267
"NEBIVOLOLO",1257
"ALEMTUZUMAB",1246
"RIFAMPICINA",1236
"DOXAZOSINA",1234
"IFOSFAMIDE",1219
"TIOTEPA",1216
"PERINDOPRIL",1212
"ESOMEPRAZOLO SODICO",1200
"DASATINIB MONOIDRATO",1193
"TEICOPLANINA",1186
"FLURAZEPAM MONOCLORIDRATO",1183
"DENOSUMAB",1172
"CLONIDINA",1171
"ACIDO ALENDRONICO SALE SODICO",1164
"IOPAMIDOLO",1158
"EPOETINA ALFA",1152
"LACIDIPINA",1152
"DIMETILFUMARATO",1150
"LEDIPASVIR/SOFOSBUVIR",1135
"EZETIMIBE",1130
"CEFTRIAXONE",1128
"TERAZOSINA CLORIDRATO",1125
"CANDESARTAN CILEXETIL/IDROCLOROTIAZIDE",1121
"MONTELUKAST SODICO",1120
"OMBITASVIR/PARITAPREVIR/RITONAVIR",1120
"FONDAPARINUX SODICO",1117
"DOXORUBICINA LIPOSOMIALE PEGILATA",1115
"SODIO RISEDRONATO",1110
"ACIDO ALENDRONICO SALE SODICO TRIIDRATO/COLECALCIFEROLO",1109
"BECLOMETASONE DIPROPIONATO/FORMOTEROLO FUMARATO",1107
"ATENOLOLO/CLORTALIDONE",1097
"PACLITAXEL ALBUMINA",1097
"INSULINA DETEMIR",1096
"CLOPIDOGREL BESILATO",1081
"LATTULOSIO",1081
"METADONE CLORIDRATO",1068
"TALIDOMIDE",1067
"NAPROXENE SODICO",1066
"PERINDOPRIL ARGININA/AMLODIPINA BESILATO",1063
"IVABRADINA CLORIDRATO",1049
"PAROXETINA MESILATO",1049
"DASABUVIR",1047
"MEMANTINA CLORIDRATO",1047
"RANOLAZINA",1040
"CITALOPRAM CLORIDRATO",1038
"CELECOXIB",1030
"VANCOMICINA CLORIDRATO",1025
"CALCIO FOLINATO",1022
"GESTODENE/ETINILESTRADIOLO",1016
"INDOMETACINA",1004
"ACIDO FOLINICO",1003
"AMOXICILLINA SODICA/POTASSIO CLAVULANATO",990
"OLMESARTAN MEDOXOMIL/AMLODIPINA BESILATO",990
"MAGALDRATO",984
"FENTANIL CITRATO",974
"MOXIFLOXACINA CLORIDRATO",973
"SODIO ALGINATO/SODIO BICARBONATO",972
"LEUPRORELINA ACETATO",970
"DONEPEZIL CLORIDRATO",960
"SCOPOLAMINA BUTILBROMURO",958
"INTERFERONE BETA 1B",949
"MELFALAN",944
"MEROPENEM",935
"LOSARTAN",931
"BENDAMUSTINA CLORIDRATO",930
"ISONIAZIDE",928
"CIANOCOBALAMINA",925
"SULFASALAZINA",915
"TAMOXIFENE CITRATO",914
"INSULINA UMANA DA DNA RICOMBINANTE",908
"ZOFENOPRIL CALCIO/IDROCLOROTIAZIDE",907
"FEBUXOSTAT",905
"BUDESONIDE/FORMOTEROLO FUMARATO DIIDRATO",899
"VENLAFAXINA",894
"SITAGLIPTIN FOSFATO MONOIDRATO",886
"TENOFOVIR DISOPROXIL FUMARATO",880
"ATAZANAVIR SOLFATO",867
"CLOMIPRAMINA CLORIDRATO",862
"SOMATROPINA",861
"IBRUTINIB",854
"VANCOMICINA",850
"METOCLOPRAMIDE",849
"NILOTINIB CLORIDRATO",839
"FLUDARABINA FOSFATO",835
"ACIDO VALPROICO",833
"CALCIFEDIOLO",833
"DARBEPOETINA ALFA",825
"IOEXOLO",822
"TEMOZOLOMIDE",822
"IRINOTECAN",819
"ACIDO ZOLEDRONICO",818
"AMPICILLINA/SULBACTAM",815
"FLUOXETINA CLORIDRATO",814
"PANCRELIPASI",810
"AZITROMICINA",808
"MANIDIPINA CLORIDRATO",801
"AMFOTERICINA B",795
"CEFAZOLINA SODICA",784
"ACIDO CLAVULANICO",781
"REGORAFENIB",780
"SALBUTAMOLO",779
"ABACAVIR SOLFATO/LAMIVUDINA",771
"PIOGLITAZONE CLORIDRATO",771
"VORICONAZOLO",770
"DEFERASIROX",764
"LINEZOLID",763
"TADALAFIL",758
"BUSULFANO",754
"SODIO IBANDRONATO MONOIDRATO",754
"TRABECTEDINA",748
"CEFTAZIDIMA PENTAIDRATO",742
"CLONIDINA CLORIDRATO",742
"VACCINO INFLUENZA ADIUVATO CON MF59C.1",732
"BOCEPREVIR",727
"PRAMIPEXOLO",727
"IMMUNOGLOBULINA DI CONIGLIO ANTITIMOCITI UMANI",726
"TIZANIDINA CLORIDRATO",725
"BETAISTINA DICLORIDRATO",721
"CLOTIAPINA",719
"ACIDO ALENDRONICO SALE SODICO TRIIDRATO",718
"BUDESONIDE",716
"LEVOTIROXINA",715
"ATORVASTATINA CALCIO",714
"LIRAGLUTIDE",708
"ETAMBUTOLO CLORIDRATO",707
"IDELALISIB",699
"ISOSORBIDE DINITRATO",698
"AMISULPRIDE",693
"BROTIZOLAM",693
"PAZOPANIB CLORIDRATO",693
"ACARBOSIO",690
"SECUKINUMAB",690
"FLUDARABINA",688
"FLURBIPROFENE",688
"PIRAZINAMIDE",688
"PERINDOPRIL ARGININA",676
"ITRACONAZOLO",672
"PERTUZUMAB",671
"IDROXICARBAMIDE",670
"COLCHICINA",668
"CALCIO",665
"DESLORATADINA",664
"FLUOXETINA",664
"NEBIVOLOLO CLORIDRATO/IDROCLOROTIAZIDE",664
"STRONZIO RANELATO",663
"ACIDO ALENDRONICO",662
"FELODIPINA",662
"MORFINA SOLFATO",660
"BLEOMICINA SOLFATO",659
"IDROXIZINA DICLORIDRATO",657
"SITAGLIPTIN FOSFATO MONOIDRATO/METFORMINA CLORIDRATO",655
"LOPERAMIDE CLORIDRATO",654
"VINORELBINA BITARTRATO",654
"GADOBUTROLO",650
"AMBROXOLO CLORIDRATO",647
"EPARINA",647
"PIROXICAM",642
"CLORPROMAZINA CLORIDRATO",641
"BUPRENORFINA",639
"GLIBENCLAMIDE",638
"ULIPRISTAL ACETATO",635
"VACCINO EPATITE B DA DNA RICOMBINANTE",634
"ACIDO GADOTERICO/GADOLINIO OSSIDO",632
"ENALAPRIL MALEATO/LERCANIDIPINA CLORIDRATO",631
"FENITOINA SODICA",629
"BIPERIDENE CLORIDRATO",624
"CLORTALIDONE",623
"TROPISETRONE CLORIDRATO",623
"LOVASTATINA",618
"APREPITANT",617
"RASAGILINA MESILATO",616
"AFLIBERCEPT",615
"FLUTICASONE PROPIONATO",615
"CLOPIDOGREL IDROGENOSOLFATO/ACIDO ACETILSALICILICO",614
"DROSPIRENONE/ETINILESTRADIOLO",609
"DELTA-9-TETRAIDROCANNABINOLO/CANNABIDIOLO",603
"VACCINO FEBBRE GIALLA VIVO",603
"LERCANIDIPINA",601
"DACLATASVIR DICLORIDRATO",594
"GOLIMUMAB",594
"COMPLESSO VITAMINICO",592
"FOSFOMICINA SALE DI TROMETAMOLO",586
"DROSPIRENONE/ETINILESTRADIOLO CLATRATO DI BETADESTRINA",581
"IPILIMUMAB",581
"ROTIGOTINA",577
"CIPROFLOXACINA CLORIDRATO MONOIDRATO",570
"ROPINIROLO CLORIDRATO",570
"LEVODOPA/CARBIDOPA/ENTACAPONE",566
"SOTALOLO",564
"TERIFLUNOMIDE",561
"DELAPRIL/INDAPAMIDE",560
"LACOSAMIDE",557
"CALCIO LATTOGLUCONATO/CALCIO CARBONATO",549
"EPOETINA ZETA",547
"TRIPTORELINA",543
"TIMOLOLO MALEATO",540
"GEFITINIB",538
"PALIPERIDONE",535
"CLOBAZAM",528
"DILTIAZEM",526
"CALCIO MEFOLINATO",525
"OSSIGENO",525
"BUPIVACAINA CLORIDRATO",524
"EFAVIRENZ",519
"TACROLIMUS MONOIDRATO",513
"IOVERSOLO",511
"MIDAZOLAM",510
"PARNAPARINA SODICA",508
"DARUNAVIR ETANOLATO",507
"CETIRIZINA",506
"MEROPENEM TRIIDRATO",506
"LEVODOPA",503
"CLORFENAMINA",500
"PIOGLITAZONE CLORIDRATO/METFORMINA CLORIDRATO",500
"INDAPAMIDE",499
"CALCIO LEVOFOLINATO PENTAIDRATO",496
"NEVIRAPINA",496
"VORTIOXETINA",494
"PENTOXIFILLINA",493
"ACECLOFENAC",491
"EPARINA SODICA",491
"MORFINA CLORIDRATO",490
"SIMEPREVIR SODICO",486
"QUINAPRIL CLORIDRATO/IDROCLOROTIAZIDE",481
"AZACITIDINA",479
"LISINOPRIL",479
"MAGNESIO IDROSSIDO/ALGELDRATO",479
"OMEPRAZOLO SODICO",478
"ASENAPINA MALEATO",477
"PAROXETINA CLORIDRATO EMIIDRATO",476
"EPERISONE CLORIDRATO",474
"LAPATINIB DITOSILATO MONOIDRATO",474
"ERIBULINA MESILATO",472
"TOSSINA BOTULINICA DI CLOSTRIDIUM BOTULINUM TIPO A",472
"OXIBUTININA CLORIDRATO",470
"METAMIZOLO SODICO (DIPIRONE MONOIDRATO)",469
"METILFENIDATO CLORIDRATO",469
"INDOMETACINA/CAFFEINA/PROCLORPERAZINA",468
"VILDAGLIPTIN/METFORMINA",468
"CORTISONE ACETATO",464
"DIIDROCODEINA RODANATO",463
"INSULINA ASPART SOLUBILE/INSULINA ASPART PROTAMINO CRISTALLIZZATA",463
"OXATOMIDE",461
"ALTEPLASI",460
"AMIKACINA SOLFATO",460
"SALBUTAMOLO SOLFATO/IPRATROPIO BROMURO",459
"EPOETINA BETA",458
"ESOMEPRAZOLO MAGNESIO DIIDRATO",457
"PEGFILGRASTIM",457
"FLUVASTATINA SODICA",455
"DICLOFENAC POTASSICO",453
"INTERFERONE BETA 1A PEGILATO",452
"CARBOSSIMALTOSIO FERRICO",450
"LEVOCETIRIZINA DICLORIDRATO",446
"VINORELBINA",446
"EBASTINA",444
"MESNA",442
"OMALIZUMAB",440
"RANIBIZUMAB",431
"ALBUMINA UMANA",429
"ABIRATERONE ACETATO",427
"FULVESTRANT",427
"DORZOLAMIDE CLORIDRATO/TIMOLOLO MALEATO",426
"VACCINO INFLUENZA ADIUVATO CON VIRUSOMA",426
"BUPROPIONE CLORIDRATO",425
"DEFLAZACORT",424
"CIPROFLOXACINA IDROGENO SOLFATO",421
"INSULINA DEGLUDEC",416
"MELEVODOPA CLORIDRATO/CARBIDOPA IDRATA",416
"CERTOLIZUMAB PEGOL",415
"DIOSMINA/ESPERIDINA",415
"ESTRADIOLO/NOMEGESTROLO ACETATO",415
"PRAZEPAM",415
"NAPROXENE",414
"VALACICLOVIR CLORIDRATO",414
"INDOBUFENE",413
"INGENOLO MEBUTATO",413
"MORNIFLUMATO",413
"INSULINA LISPRO DA DNA RICOMB/INSULINA LISPRO PROTAMINA",412
"LEVONORGESTREL",407
"DALTEPARINA SODICA",405
"SODIO CLORURO",405
"TOBRAMICINA",405
"PRASUGREL CLORIDRATO",404
"ACETAZOLAMIDE",403
"ATROPINA SOLFATO",402
"VINBLASTINA SOLFATO",401
"FLUTICASONE FUROATO/VILANTEROLO TRIFENATATO",397
"TEOFILLINA ANIDRA",396
"VACCINO EPATITE B",396
"RALTEGRAVIR POTASSICO",395
"BIMATOPROST",394
"PERINDOPRIL ARGININA/INDAPAMIDE",394
"DESAMETASONE FOSFATO",391
"DOXICICLINA ICLATO",391
"SILDENAFIL CITRATO",391
"AFATINIB DIMALEATO",390
"MIDAZOLAM CLORIDRATO",390
"CEFOTAXIMA SODICA",389
"FLECAINIDE",388
"GENTAMICINA SOLFATO",388
"EPARINA CALCICA",387
"FLUVOXAMINA MALEATO",384
"TREPROSTINIL SODICO",384
"LOPINAVIR/RITONAVIR",383
"METOLAZONE",382
"POLLINE GRAMINACEE PHLEUM PRATENSE/DACTYLIS GLOMERATA/ANTHOXANTHUM ODORATUM/LOLIUM PERENNE/POA PRATENSIS",382
"DAPTOMICINA",381
"SUCRALFATO",379
"INDACATEROLO MALEATO",375
"MELOXICAM",373
"QUINAPRIL CLORIDRATO",373
"CABERGOLINA",372
"SODIO BICARBONATO",372
"LEVOMEPROMAZINA MALEATO",370
"IPRATROPIO BROMURO",369
"LORATADINA",369
"PIRIDOSSINA CLORIDRATO",369
"PIRIDOSTIGMINA BROMURO",369
"VACCINO MENINGOCOCCICO GRUPPO C CONIUGATO CON TOSSOIDE TETANICO",369
"CEFPODOXIMA PROXETILE",367
"PIPERACILLINA/TAZOBACTAM",367
"ROCURONIO BROMURO",367
"LEVODROPROPIZINA",365
"NITROFURANTOINA MACROCRISTALLI",365
"DABRAFENIB MESILATO",363
"DOXORUBICINA LIPOSOMIALE",361
"MORFINA",361
"CEFACLOR MONOIDRATO",358
"MICOFENOLATO SODICO",357
"SODIO ALGINATO/POTASSIO BICARBONATO",357
"PRAVASTATINA",354
"BOSENTAN MONOIDRATO",353
"FERROSO GLICINA SOLFATO",353
"CABAZITAXEL",352
"TRAMETINIB",352
"EFAVIRENZ/EMTRICITABINA/TENOFOVIR DISOPROXIL",351
"ENTECAVIR",350
"LATANOPROST",350
"LEVONORGESTREL/ETINILESTRADIOLO",350
"PERINDOPRIL ERBUMINA (TERT-BUTILAMINA)",350
"PERAMPANEL",349
"ACIDO TRANEXAMICO",348
"PROGESTERONE",348
"PRULIFLOXACINA",348
"RIFAMPICINA/ISONIAZIDE",348
"VILDAGLIPTIN",345
"ACIDO CLODRONICO SALE DISODICO/LIDOCAINA CLORIDRATO",342
"VERAPAMIL",342
"FOSINOPRIL SODICO/IDROCLOROTIAZIDE",341
"MERCAPTOPURINA",338
"BETAMETASONE",337
"VACCINO TIFOIDEO VIVO USO ORALE",336
"FERRO",335
"PREDNISOLONE",334
"POLLINE GRAMINACEE (PHLEUM PRATENSE)",333
"TRAMADOLO CLORIDRATO/DEXKETOPROFENE",333
"DULAGLUTIDE",332
"FLUORESCEINA SODICA",332
"PROPAFENONE",329
"KETOPROFENE/SUCRALFATO",328
"FOSINOPRIL SODICO",327
"DEXIBUPROFENE",325
"ESCITALOPRAM",325
"MESOGLICANO SODICO",325
"ETONOGESTREL/ETINILESTRADIOLO",324
"IDROMORFONE CLORIDRATO",324
"DISULFIRAM",323
"ACIDO PAMIDRONICO SALE DISODICO",322
"SELEGILINA CLORIDRATO",320
"CARBOCISTEINA",317
"OLANZAPINA PAMOATO MONOIDRATO",317
"IDROCORTISONE",315
"PARACETAMOLO/ACIDO ASCORBICO/FENILEFRINA CLORIDRATO",314
"CAPTOPRIL",312
"IMIPENEM/CILASTATINA SODICA",312
"SENNA FOGLIA (GLUCOSIDI PURI)",308
"TEOFILLINA",307
"TIAMINA CLORIDRATO/PIRIDOSSINA CLORIDRATO/CIANOCOBALAMINA",307
"PONATINIB CLORIDRATO",306
"QUETIAPINA EMIFUMARATO",306
"BROMEXINA CLORIDRATO",305
"PARACETAMOLO/CLORFENAMINA MALEATO",305
"POSACONAZOLO",305
"RUPATADINA FUMARATO",305
"LIDOCAINA CLORIDRATO",304
"ALOPERIDOLO DECANOATO",302
"BASILIXIMAB",300
"USTEKINUMAB",300
"LINAGLIPTIN",299
"GLICOPIRRONIO BROMURO",296
"IMATINIB",295
"LISATO BATTERICO POLIVALENTE",295
"MICONAZOLO",295
"POMALIDOMIDE",295
"OLAPARIB",294
"CORTISONE",293
"CRIZOTINIB",293
"MAGNESIO PIDOLATO",293
"DABIGATRAN ETEXILATO",292
"LITIO",291
"BISOPROLOLO FUMARATO/IDROCLOROTIAZIDE",290
"IDARUBICINA CLORIDRATO",290
"SODIO NERIDRONATO",290
"INSULINA UMANA ISOFANO DA DNA RICOMBINANTE",285
"ACLIDINIO BROMURO",284
"MITOXANTRONE CLORIDRATO",284
"PROPIFENAZONE/BUTALBITAL/CAFFEINA",284
"TRETINOINA",283
"AMITRIPTILINA",282
"TIGECICLINA",282
"INDOMETACINA SALE DI MEGLUMINA",280
"CEFTAZIDIMA",279
"CIANOCOBALAMINA/TIAMINA",279
"TRASTUZUMAB EMTANSINE",277
"ZIDOVUDINA",277
"CARBOCISTEINA SALE DI LISINA",276
"LENOGRASTIM",276
"LEVOACETILCARNITINA",276
"TRAVOPROST",276
"ACIDO GADOPENTETICO SALE DIMEGLUMINICO",275
"ALGLUCOSIDASI ACIDA UMANA RICOMBINANTE",275
"DOLUTEGRAVIR SODIO",275
"ALISKIREN EMIFUMARATO",274
"ATOMOXETINA CLORIDRATO",274
"VACCINO MENINGOCOCCICO POLISACCARIDICO",274
"DABRAFENIB",273
"LIDOCAINA",273
"CANDESARTAN",272
"DEFEROXAMINA MESILATO",271
"AMLODIPINA MALEATO",270
"PALIPERIDONE PALMITATO",268
"FENITOINA",267
"IBUPROFENE SALE DI ARGININA",266
"DEGARELIX ACETATO",264
"AGOMELATINA",263
"CLEBOPRIDE MALATO ACIDO",263
"INTERFERONE ALFA 2A",262
"NIMODIPINA",262
"IVABRADINA",261
"VINFLUNINA BITARTRATO",260
"MINOCICLINA DICLORIDRATO",259
"ACIDO MICOFENOLICO",258
"ENALAPRIL/IDROCLOROTIAZIDE",258
"TRAZODONE",258
"ALIZAPRIDE CLORIDRATO",256
"AMANTADINA CLORIDRATO",255
"DASATINIB",255
"IDARUBICINA",254
"CAPTOPRIL/IDROCLOROTIAZIDE",253
"DIOSMINA",253
"EDOXABAN TOSILATO",253
"GLUTATIONE SODICO",253
"NINTEDANIB ESILATO",253
"BRIMONIDINA TARTRATO",252
"RUXOLITINIB FOSFATO",252
"DARUNAVIR",251
"MEPIVACAINA CLORIDRATO",251
"FITOMENADIONE",250
"METILDIGOSSINA",249
"METOCLOPRAMIDE CLORIDRATO",249
"INTERFERONE ALFA 2B",248
"RIZATRIPTAN BENZOATO",248
"AMPICILLINA",247
"SODIO POLISTIRENSOLFONATO",244
"WARFARIN",244
"EMTRICITABINA",243
"DESTROMETORFANO BROMIDRATO",242
"RALTEGRAVIR",242
"SALMETEROLO XINAFOATO",242
"DOCETAXEL ANIDRO",241
"ECULIZUMAB",241
"RAMUCIRUMAB",241
"ADEMETIONINA BUTANDISOLFONATO",240
"CEFTIBUTEN",239
"AMITRIPTILINA/PERFENAZINA",238
"GADOTERIDOLO",238
"PENTETRAZOLO/DIIDROCODEINA RODANATO",238
"EMPAGLIFLOZIN",237
"METILDOPA",236
"ISOTRETINOINA",235
"ZOLPIDEM",235
"OCTREOTIDE ACETATO",234
"RIVASTIGMINA IDROGENO TARTRATO",234
"CEFDITOREN PIVOXIL",233
"VACCINO RABBICO USO UMANO DA COLTURE CELLULARI",232
"GRANISETRONE",231
"SPIRAMICINA",229
"DACARBAZINA",228
"REPENTINA",228
"ACIDO CLODRONICO",227
"BRENTUXIMAB VEDOTIN",227
"DAUNORUBICINA CLORIDRATO",227
"LEVOACETILCARNITINA CLORIDRATO",227
"BIPERIDENE",226
"SEVOFLURANO",226
"BRINZOLAMIDE/TIMOLOLO",225
"BECLOMETASONE",224
"BRINZOLAMIDE",224
"CIPROFLOXACINA LATTATO",224
"PERFENAZINA",222
"COLISTIMETATO SODICO",221
"NORTRIPTILINA CLORIDRATO",221
"SILDENAFIL",221
"CEFAZOLINA",218
"DACLATASVIR",217
"ETIZOLAM",217
"ZOLFO ESAFLUORURO",217
"COCARBOSSILASI/PIRIDOSSINA/IDROXOCOBALAMINA",216
"PROMETAZINA CLORIDRATO",216
"DIPIRIDAMOLO/ACIDO ACETILSALICILICO",215
"MELATONINA",214
"DRONEDARONE CLORIDRATO",213
"BENZILPENICILLINA BENZATINICA",211
"SODIO OXIBATO",211
"COBIMETINIB",210
"CLORPROMAZINA",209
"ISONIAZIDE/PIRAZINAMIDE/RIFAMPICINA",208
"MITOXANTRONE",208
"SIROLIMUS",208
"VACCINO POLIOMIELITICO INATTIVATO",208
"AGALSIDASI ALFA",207
"PALBOCICLIB",207
"IMMUNOGLOBULINA UMANA USO ENDOVENOSO",206
"NAFAZOLINA NITRATO",206
"GENTAMICINA",205
"LAMIVUDINA/ZIDOVUDINA",205
"ACITRETINA",203
"ADEMETIONINA SOLFATO TOSILATO",202
"FLAVOXATO/PROPIFENAZONE",202
"ZONISAMIDE",202
"DOLUTEGRAVIR/ABACAVIR/LAMIVUDINA",201
"ENZALUTAMIDE",201
"PSEUDOEFEDRINA/TRIPROLIDINA/PARACETAMOLO",201
"RIFAMPICINA/ISONIAZIDE/PIRAZINAMIDE/ETAMBUTOLO CLORIDRATO",201
"TRIFLURIDINA/TIPIRACIL CLORIDRATO",201
"BACILLUS CLAUSII",199
"ESTRADIOLO VALERATO/DIENOGEST",199
"PRIMIDONE",199
"AGALSIDASI BETA",198
"DESAMETASONE 21-FOSFATO DISODICO",197
"FLUFENAZINA DECANOATO",197
"PERINDOPRIL/INDAPAMIDE",197
"ASPARAGINASI",196
"AXITINIB",196
"CICLOBENZAPRINA CLORIDRATO",196
"EMTRICITABINA/RILPIVIRINA CLORIDRATO/TENOFOVIR DISOPROXIL FUMARATO",196
"OCTREOTIDE",196
"PEGASPARGASI",196
"POTASSIO CANRENOATO/BUTIZIDE",195
"SAXAGLIPTIN CLORIDRATO",195
"ANAKINRA",193
"MACROGOL 4000",192
"MITOMICINA",192
"VEDOLIZUMAB",192
"CALCIO GLUCONATO",191
"DOXORUBICINA",191
"SUMATRIPTAN SUCCINATO",191
"MAGNESIO VALPROATO",190
"CARFILZOMIB",189
"ILOPROST SALE DI TROMETAMOLO",189
"LATTITOLO",189
"REMIFENTANIL CLORIDRATO",189
"NORFLOXACINA",188
"CLORAMBUCILE",187
"DACTINOMICINA",187
"ANAGRELIDE CLORIDRATO",186
"ETINILESTRADIOLO/NORELGESTROMINA",186
"NALMEFENE CLORIDRATO",186
"TIMOLOLO MALEATO/BIMATOPROST",186
"SORAFENIB",185
"TOSSOIDE DIFTERICO/TOSSOIDE TETANICO/TOSSOIDE PERTOSSICO/EMOAGGLUTININA FILAMENTOSA/VACCINO POLIOMIELITICO INATTIVATO/POLISACCARIDE HAEMOFILUS INFLUENZAE CONIUGATO CON PROTEINA DEL TETANO",185
"BUPROPIONE",184
"SEVELAMER CARBONATO",184
"VACCINO EPATITE A INATTIVATO/EPATITE B DA DNA RICOMBINANTE",183
"DONEPEZIL CLORIDRATO MONOIDRATO",182
"ETAMBUTOLO",180
"TOBRAMICINA/DESAMETASONE",180
"ELTROMBOPAG OLAMINA",179
"FERROSO SOLFATO/ACIDO ASCORBICO",179
"VACCINO ENCEFALITE DA ZECCA PURIFICATO E INATTIVATO (CEPPO NEUDOERLF)",179
"COMPLESSO VITAMINICO/SALI MINERALI",178
"GANCICLOVIR",178
"OCTATROPINA METILBROMURO/DIAZEPAM",178
"MONTELUKAST",177
"BRIVUDINA",176
"ETRAVIRINA",176
"NILOTINIB",176
"ATROPINA",175
"IODOPOVIDONE",175
"ACIDO CLODRONICO SALE DISODICO",174
"METILPREDNISOLONE ACETATO",174
"MAGNESIO SOLFATO",173
"VARENICLINA TARTRATO",172
"BILASTINA",171
"1-ANDROSTENDIONE",170
"ELETRIPTAN BROMIDRATO",170
"SEVELAMER CLORIDRATO",170
"TIAMINA CLORIDRATO",170
"VALGANCICLOVIR CLORIDRATO",170
"BUPRENORFINA CLORIDRATO/NALOXONE CLORIDRATO DIIDRATO",169
"CINACALCET CLORIDRATO",169
"DEXKETOPROFENE SALE DI TROMETAMOLO",169
"OXERUTINA",169
"MACROGOL 4000/SODIO SOLFATO ANIDRO/SODIO BICARBONATO/SODIO CLORURO/POTASSIO CLORURO",168
"OXAZEPAM",168
"SULODEXIDE",168
"FLUNARIZINA DICLORIDRATO",167
"MANNITOLO",167
"DICLOFENAC SALE DI DIETILAMINA",166
"ROMIPLOSTIM",165
"DESOGESTREL/ETINILESTRADIOLO",164
"ENTACAPONE",164
"OSPEMIFENE",164
"TAPENTADOLO",163
"METILERGOMETRINA MALEATO",161
"CLINDAMICINA FOSFATO",160
"PARACALCITOLO",160
"DESOGESTREL",159
"RUXOLITINIB",159
"TOSILCLORAMIDE SODICA",159
"ETONOGESTREL",158
"MEFLOCHINA CLORIDRATO",158
"METFORMINA/GLIBENCLAMIDE",158
"PASIREOTIDE",158
"TIETILPERAZINA DIMALEATO",158
"TESTOSTERONE",157
"MIDODRINA CLORIDRATO",156
"CODEINA",155
"DICLOFENAC IDROSSIETILPIRROLIDINA",155
"MACITENTAN",154
"SIMEPREVIR",154
"COLESTIRAMINA CLORIDRATO",153
"FOTEMUSTINA",153
"TRIAMCINOLONE ACETONIDE",153
"FERROSO GLUCONATO",152
"TRIPTORELINA EMBONATO",152
"BISACODIL",151
"FORMOTEROLO",151
"NORETISTERONE ACETATO",151
"ROPINIROLO",151
"BUPRENORFINA CLORIDRATO",150
"TETRABENAZINA",150
"DORZOLAMIDE CLORIDRATO",149
"PARACETAMOLO/CODEINA",149
"CEFACLOR",148
"ELBASVIR/GRAZOPREVIR",148
"NITISINONE",148
"PERINDOPRIL ARGININA/INDAPAMIDE/AMLODIPINA BESILATO",148
"FORMOTEROLO FUMARATO",147
"INSULINA LISPRO PROTAMINA",147
"OXITROPIO BROMURO",147
"ADEFOVIR DIPIVOXIL",146
"CIPROTERONE ACETATO",146
"CLOFARABINA",146
"SUMATRIPTAN",146
"ESTRADIOLO",145
"VACCINO COLERA",145
"MEBENDAZOLO",144
"ROFLUMILAST",144
"ALFACALCIDOLO",143
"CILOSTAZOLO",143
"NINTEDANIB",143
"TRAMADOLO",143
"AMPICILLINA SODICA",141
"DIPIRIDAMOLO",141
"GEMFIBROZIL",141
"MEGESTROLO ACETATO",141
"ORTICA",141
"PARNAPARINA",141
"POLIGELINA",141
"ETOSUCCIMIDE",140
"MISOPROSTOLO",140
"TIMOLOLO",140
"ABCIXIMAB",139
"CLOBETASOLO PROPIONATO",139
"OFLOXACINA",139
"PROMAZINA",139
"ACETOSSIETILCEFUROXIMA",138
"VACCINO TIFOIDEO",138
"GADODIAMIDE",137
"TIBOLONE",137
"TIAPRIDE CLORIDRATO",136
"CISATRACURIO BESILATO",135
"FINGOLIMOD",135
"DAPAGLIFLOZIN PROPANEDIOLO MONOIDRATO",134
"FLURAZEPAM",134
"ZOFENOPRIL",134
"ESTAZOLAM",133
"IMMUNOGLOBULINA UMANA ANTIEPATITE B",133
"ORLISTAT",133
"PEMETREXED",133
"STAVUDINA",133
"TERBINAFINA CLORIDRATO",133
"BENZIDAMINA CLORIDRATO",132
"PIMOZIDE",132
"PROCARBAZINA CLORIDRATO",132
"ZUCLOPENTIXOLO DICLORIDRATO",132
"DAUNORUBICINA",131
"PIOGLITAZONE",131
"REMIFENTANIL",131
"TROPICAMIDE",131
"BECLOMETASONE/SALBUTAMOLO",130
"CINNARIZINA",130
"FERMENTI LATTICI",130
"FOSFOMICINA",130
"KETOROLAC",130
"MOXONIDINA",130
"SOLIFENACINA SUCCINATO",130
"CARTEOLOLO CLORIDRATO",128
"ERTAPENEM",128
"NORTRIPTILINA/FLUFENAZINA",128
"PARACETAMOLO/PROPIFENAZONE/CAFFEINA",128
"PEMBROLIZUMAB",128
"POTASSIO CITRATO/POTASSIO SUCCINATO/POTASSIO MALATO/POTASSIO TARTRATO/POTASSIO BICARBONATO",128
"ALMOTRIPTAN IDROGENOMALATO",127
"FLUNISOLIDE",127
"LATTITOLO MONOIDRATO",127
"PROPRANOLOLO",127
"RILUZOLO",127
"PIPERACILLINA SODICA",126
"EPROSARTAN MESILATO/IDROCLOROTIAZIDE",125
"FLUTICASONE FUROATO",125
"PIRACETAM",125
"ROPIVACAINA CLORIDRATO MONOIDRATO",125
"ATOVAQUONE/PROGUANILE CLORIDRATO",124
"CLOTIAZEPAM",124
"SOFOSBUVIR/VELPATASVIR",124
"VISMODEGIB",124
"LANREOTIDE ACETATO",123
"SCOPOLAMINA",123
"ACIDO ASCORBICO",122
"BENAZEPRIL CLORIDRATO/IDROCLOROTIAZIDE",122
"IMIQUIMOD",122
"LEVOCARNITINA",122
"SAFINAMIDE METANSOLFONATO",121
"TENOFOVIR DISOPROXIL",121
"TIMOLOLO MALEATO/TRAVOPROST",121
"CINNARIZINA/DIMENIDRINATO",120
"CLOROCHINA DIFOSFATO",120
"PAZOPANIB",120
"TIMOLOLO MALEATO/BRIMONIDINA TARTRATO",120
"VIRUS INFLUENZALE INTERO, INATTIVATO",120
"BENMETIAMINA/PIRIDOSSINA/CIANOCOBALAMINA",119
"EMTRICITABINA/TENOFOVIR DISOPROXIL/ELVITEGRAVIR/COBICISTAT",119
"MINOXIDIL",119
"ZICONOTIDE",119
"BEMIPARINA SODICA",118
"DIMETICONE ATTIVATO",118
"KETOTIFENE FUMARATO ACIDO",118
"LAPATINIB",118
"LATANOPROST/TIMOLOLO MALEATO",118
"TRIFLURIDINA",118
"CLOTRIMAZOLO",117
"FLOROGLUCINOLO",117
"GALANTAMINA BROMIDRATO",117
"OSSITOCINA",117
"AMITRIPTILINA CLORIDRATO/CLORDIAZEPOSSIDO CLORIDRATO",116
"BACAMPICILLINA CLORIDRATO",115
"LEVODOPA/BENSERAZIDE",115
"NICOTINA",115
"AMINOACIDI/ELETTROLITI/GLUCOSIO (DESTROSIO) ANIDRO/LIPIDI",114
"MOMETASONE FUROATO MONOIDRATO",114
"PERINDOPRIL ERBUMINA (TERT-BUTILAMINA)/INDAPAMIDE",114
"RAMIPRIL/AMLODIPINA BESILATO",114
"RIFABUTINA",114
"AMIKACINA",113
"FLUVOXAMINA",113
"PETIDINA CLORIDRATO",112
"AMINOFILLINA",111
"CIANOCOBALAMINA/ACIDO FOLICO/NICOTINAMIDE/ACIDO ASCORBICO",111
"IMIGLUCERASI",111
"METILAMINOLEVULINATO CLORIDRATO",111
"DONEPEZIL",110
"ZUCLOPENTIXOLO DECANOATO",110
"CLINDAMICINA",109
"GLIQUIDONE",109
"ETINILESTRADIOLO",108
"FERRO (III) POLIMALTOSATO",108
"FEXOFENADINA CLORIDRATO",108
"INSULINA UMANA DA DNA RICOMBINANTE/INSULINA UMANA ISOFANO DA DNA RICOMBINANTE",108
"ALITRETINOINA",107
"LOPERAMIDE",107
"ZOPICLONE",107
"COBIMETINIB EMIFUMARATO",106
"FOSAMPRENAVIR SALE DI CALCIO",106
"LEVOBUPIVACAINA CLORIDRATO",106
"PRIDINOLO MESILATO",106
"BELIMUMAB",105
"CEFOTAXIMA",105
"FOLLITROPINA ALFA DA DNA RICOMBINANTE",105
"ADRENALINA",104
"BEZAFIBRATO",104
"AZITROMICINA MONOIDRATO",103
"DESMOPRESSINA",103
"LOMUSTINA",103
"MARAVIROC",103
"SITAGLIPTIN",103
"TAFLUPROST",103
"BOSUTINIB",102
"CERITINIB",102
"IMIPENEM/CILASTATINA",102
"ZUCLOPENTIXOLO",102
"ARTICAINA CLORIDRATO/ADRENALINA",101
"CICLOPENTOLATO CLORIDRATO",101
"CIPROTERONE ACETATO/ETINILESTRADIOLO",101
"IMMUNOGLOBULINA BOVINA NORMALE USO VETERINARIO",101
"RACECADOTRIL",101
"TIPIRACIL",101
"DELAPRIL",100
"INDACATEROLO MALEATO/GLICOPIRRONIO BROMURO",100
"OXATOMIDE IDRATO",100
"VIGABATRIN",100
"COLISTINA SOLFATO",99
"DOXOFILLINA",99
"DOPAMINA",98
"LEVOPROPIONILCARNITINA",98
"LIPEGFILGRASTIM",98
"MIRABEGRON",98
"TAMSULOSINA",98
"TOSSOIDE DIFTERICO PURIFICATO/TOSSOIDE TETANICO PURIFICATO/POLIOVIRUS INATTIVATO",98
"VACCINO HAEMOPHILUS INFLUENZAE B CONIUGATO CON TOSSOIDE TETANICO",98
"AMOXICILLINA SODICA",97
"BROMOCRIPTINA MESILATO",97
"CLOPERASTINA FENDIZOATO",97
"DIDANOSINA",97
"LANTANIO CARBONATO IDRATO",97
"LISINOPRIL/IDROCLOROTIAZIDE",97
"TEMSIROLIMUS",97
"TRAMETINIB DIMETILSULFOSSIDO",97
"BENAZEPRIL CLORIDRATO",96
"DAPAGLIFLOZIN PROPANEDIOLO MONOIDRATO/METFORMINA CLORIDRATO",96
"DEFERIPRONE",96
"DICLOFENAC SODICO/MISOPROSTOLO",96
"DIOSMECTITE",96
"FAMPRIDINA",96
"TIOPENTAL SODICO",96
"TOCOFEROLO ACETATO ALFA",96
"TROPICAMIDE/FENILEFRINA CLORIDRATO",96
"CLORMADINONE ACETATO/ETINILESTRADIOLO",95
"DIENOGEST/ETINILESTRADIOLO",95
"GLUCOSAMINA SOLFATO CRISTALLINA",95
"LOMEFLOXACINA CLORIDRATO",95
"OXIMETAZOLINA CLORIDRATO",95
"PSEUDOEFEDRINA/TRIPROLIDINA",95
"ATAZANAVIR",94
"BENZOILPEROSSIDO",94
"CETIRIZINA DICLORIDRATO/PSEUDOEFEDRINA CLORIDRATO",94
"COLISTINA",94
"GENTAMICINA SOLFATO/BETAMETASONE VALERATO",94
"REBOXETINA",94
"SALMETEROLO",94
"TAMOXIFENE",94
"CARMUSTINA",93
"DULOXETINA",93
"FROVATRIPTAN SUCCINATO MONOIDRATO",93
"IBRITUMOMAB TIUXETANO",93
"MIGLUSTAT",93
"SACCAROMICETI BOULARDII",93
"BROMELINA",92
"FLUMAZENIL",92
"ESOMEPRAZOLO MAGNESIO",91
"ROSUVASTATINA",91
"TRIESIFENIDILE CLORIDRATO",91
"AMANTADINA",90
"MANIDIPINA",90
"MICAFUNGIN",90
"OXACILLINA SODICA",90
"VALACICLOVIR",90
"BUPIVACAINA",89
"MAGNESIO",89
"RAMIPRIL/PIRETANIDE",89
"TRIMEBUTINA MALEATO",89
"ACIDO IBANDRONICO",88
"BISMUTO SUBCITRATO POTASSIO/METRONIDAZOLO/TETRACICLINA CLORIDRATO",88
"CEFEPIME DICLORIDRATO MONOIDRATO",88
"DESCLORFENIRAMINA MALEATO",88
"EPROSARTAN MESILATO",88
"IMIPENEM",88
"OFATUMUMAB",88
"CAFFEINA",87
"CALCIPOTRIOLO MONOIDRATO/BETAMETASONE DIPROPIONATO",87
"TRIFLUOPERAZINA DICLORIDRATO",87
"VACCINO MENINGOCOCCICO GRUPPO C",87
"ACIDO NIFLUMICO",86
"GLUCOSIO (DESTROSIO) ANIDRO",86
"GLUCOSIO (DESTROSIO) ANIDRO/SODIO ACETATO/SODIO CLORURO/POTASSIO CLORURO/MAGNESIO CLORURO/CALCIO CLORURO/ACIDO ACETICO",86
"PICOTAMIDE MONOIDRATO",86
"VACCINO DIFTERITE/PERTOSSE/TETANO",86
"ALECTINIB",85
"ERITROPOIETINA",85
"PARACETAMOLO/CAFFEINA",85
"TRIMIPRAMINA",85
"VANDETANIB",84
"ATRACURIO BESILATO",83
"ALPROSTADIL",82
"ATEZOLIZUMAB",82
"EPIRUBICINA",82
"FAMCICLOVIR",82
"RADIO-223RA-DICLORURO",82
"AMBRISENTAN",81
"CARBOMER",81
"SOBREROLO",81
"ZOLMITRIPTAN",81
"CIMETROPIO BROMURO",80
"OXAPROZINA",80
"RUFINAMIDE",80
"SILIMARINA",80
"DESMOPRESSINA ACETATO",79
"ERITROMICINA",79
"ORFENADRINA CLORIDRATO",79
"RASBURICASE",79
"RIBOSOMAL/KLEBSPROTINA",79
"TOPOTECAN CLORIDRATO",79
"AMIDOTRIZOATO SODICO/MEGLUMINA AMIDOTRIZOATO",78
"AMINOACIDI",78
"APREMILAST",78
"CLORDIAZEPOSSIDO CLORIDRATO",78
"SODIO",78
"TEMAZEPAM",78
"VARDENAFIL CLORIDRATO",78
"ZIPRASIDONE CLORIDRATO",78
"CLOREXIDINA GLUCONATO",77
"ERGOTAMINA/CAFFEINA/AMINOFENAZONE",77
"FLUVASTATINA",77
"LEVOTIROXINA SODICA/LIOTIRONINA SODICA",77
"ROPIVACAINA",77
"TIROFIBAN CLORIDRATO MONOIDRATO",77
"EMPAGLIFLOZIN/METFORMINA CLORIDRATO",76
"IVACAFTOR",76
"LIXISENATIDE",76
"NETILMICINA SOLFATO",76
"TINIDAZOLO",76
"ACIDO GADOXETICO DISODICO",75
"AFATINIB",75
"DANAZOLO",75
"EFALIZUMAB",75
"FOSAMPRENAVIR",75
"GLUCOSIO (DESTROSIO) MONOIDRATO",75
"IBUPROFENE/PSEUDOEFEDRINA CLORIDRATO",75
"INTERFERONE ALFA",75
"NITRAZEPAM",75
"BIVALIRUDINA",74
"BROMPERIDOLO",74
"CITICOLINA",74
"ECONAZOLO NITRATO",74
"LIMECICLINA (TETRACICLINA-LEVO-METILENLISINA)",74
"LORNOXICAM",74
"METFORMINA CLORIDRATO/LINAGLIPTIN",74
"OTILONIO BROMURO",74
"TRIMETAZIDINA DICLORIDRATO",74
"ANIDULAFUNGINA",73
"FENOBARBITAL SODICO",73
"MOMETASONE FUROATO",73
"ACIDO RISEDRONICO",72
"CONDROITIN SODIO SOLFATO",72
"ELOSULFASE ALFA",72
"GLUTATIONE",72
"OMBITASVIR",72
"PALIVIZUMAB",72
"PIZOTIFENE MALATO ACIDO",72
"BCG - BACILLO DI CALMETTE E GUERIN",71
"CEFIXIMA TRIIDRATA",71
"DOXICICLINA",71
"ERDOSTEINA",71
"FATTORE VIII DI COAGULAZIONE DEL SANGUE UMANO LIOFILIZZATO",71
"MEDROSSIPROGESTERONE ACETATO",71
"PIROXICAM BETACICLODESTRINA",71
"BENDAMUSTINA",70
"DESAMETASONE FOSFATO DISODICO/NETILMICINA SOLFATO",70
"OXOLAMINA/PROPIFENAZONE",70
"CASPOFUNGIN",69
"ENFUVIRTIDE",69
"METOSSIPOLIETILENGLICOLE-EPOETINA BETA",69
"PIOGLITAZONE CLORIDRATO/GLIMEPIRIDE",69
"SACUBITRIL/VALSARTAN COMPLESSO DI SALE SODICO",69
"SOLUZIONE PER DIALISI PERITONEALE",69
"VACCINO POLIOMIELITICO USO ORALE",69
"AMPICILLINA TRIIDRATO",68
"ARSENIO TRIOSSIDO",68
"BROMAZEPAM/PROPANTELINA BROMURO",68
"DAPAGLIFLOZIN",68
"IMMUNOGLOBULINA UMANA ANTITETANICA",68
"NIAPRAZINA",68
"TIAMFENICOLO GLICINATO ACETILCISTEINATO",68
"OCTOCOG ALFA (FATTORE VIII DI COAGULAZIONE, RICOMBINANTE)",67
"PROMELASI",67
"ABACAVIR SOLFATO",66
"ACIDO IALURONICO SALE SODICO",66
"BUFLOMEDIL CLORIDRATO",66
"FLUTAMIDE",66
"PLERIXAFOR",66
"SPIRONOLATTONE/IDROCLOROTIAZIDE",66
"AMILORIDE CLORIDRATO",65
"CLINDAMICINA CLORIDRATO",65
"CLORDIAZEPOSSIDO",65
"DIFENIDRAMINA CLORIDRATO",65
"FUROSEMIDE SODICO",65
"INDACATEROLO",65
"LINCOMICINA CLORIDRATO",65
"CICLESONIDE",64
"CLOPIDOGREL BROMIDRATO MONOIDRATO",64
"DESOSSIRIBONUCLEASI",64
"INSULINA UMANA",64
"NOMEGESTROLO ACETATO",64
"TRIMEBUTINA",64
"CABOZANTINIB",63
"CALCIO FOSFATO TRIBASICO/COLECALCIFEROLO",63
"CEFALEXINA",63
"EVOLOCUMAB",63
"NICERGOLINA",63
"PEGVISOMANT",63
"PROPILTIOURACILE",63
"SEVELAMER",63
"CLORAZEPATO DIPOTASSICO",62
"DOMPERIDONE MALEATO",62
"DOPAMINA CLORIDRATO",62
"GLIBENCLAMIDE/FENFORMINA",62
"KETAMINA",62
"MIANSERINA CLORIDRATO",62
"PONATINIB",62
"SULPIRIDE",62
"TIOCONAZOLO",62
"TRIMIPRAMINA MALEATO",62
"VINDESINA SOLFATO",62
"ACIDO PIPEMIDICO",61
"BETAMETASONE/CLORAMFENICOLO",61
"FUROSEMIDE/TRIAMTERENE",61
"MACROGOL 3350",61
"NALOXONE",61
"PAROMOMICINA SOLFATO",61
"PRUCALOPRIDE SUCCINATO",61
"ROXITROMICINA",61
"COLINA ALFOSCERATO",60
"DARATUMUMAB",60
"DARUNAVIR ETANOLATO/COBICISTAT",60
"IBUPROFENE SALE DI LISINA",60
"MEBEVERINA CLORIDRATO",60
"NELARABINA",60
"OTILONIO BROMURO/DIAZEPAM",60
"TELBIVUDINA",60
"ZIPRASIDONE",60
"CIMETIDINA",59
"FOSAPREPITANT DIMEGLUMINA",59
"PARACETAMOLO/ACIDO ACETILSALICILICO/CAFFEINA",59
"PROCARBAZINA",59
"QUINAPRIL",59
"RILPIVIRINA CLORIDRATO",59
"SUCCINILGELATINA/SODIO CLORURO",59
"ABACAVIR",58
"ACIDO IALURONICO",58
"ALISKIREN",58
"ALOGLIPTIN BENZOATO",58
"CLORPROPAMIDE",58
"CRISANTASPASE",58
"DEFIBROTIDE",58
"ERITROMICINA ETILSUCCINATO",58
"KETAMINA CLORIDRATO",58
"LEVOBUNOLOLO CLORIDRATO",58
"PRASUGREL",58
"COCARBOSSILASI/PIRIDOSSINA CLORIDRATO/IDROXOCOBALAMINA ACETATO",57
"DIENOGEST",57
"GONADOTROPINA CORIONICA",57
"IMIPRAMINA CLORIDRATO",57
"METILTIONINIO CLORURO",57
"MOEXIPRIL CLORIDRATO",57
"POLIMIXINA B SOLFATO/NEOMICINA SOLFATO/LIDOCAINA CLORIDRATO",57
"ROSIGLITAZONE/METFORMINA CLORIDRATO",57
"TOBRAMICINA SOLFATO",57
"BROMFENAC SODIO SESQUIDRATO",56
"CINOXACINA",56
"INTERFERONE BETA",56
"MIFEPRISTONE",56
"OSELTAMIVIR FOSFATO",56
"POTASSIO",56
"SODIO FOSFATO MONOBASICO/SODIO FOSFATO BIBASICO",56
"SUNITINIB",56
"TERAZOSINA",56
"CANAGLIFLOZIN EMIIDRATO",55
"FLUTICASONE PROPIONATO/FORMOTEROLO FUMARATO DIIDRATO",55
"LIOTIRONINA SODICA",55
"BLINATUMOMAB",54
"DESOSSIMETASONE",54
"MIFAMURTIDE",54
"MUPIROCINA",54
"SELEGILINA",54
"TESTOSTERONE UNDECANOATO",54
"TIROTROPINA ALFA",54
"TOLTERODINA TARTRATO",54
"ACIDO BORICO",53
"ATENOLOLO/INDAPAMIDE",53
"CANNABIS",53
"CLOFOCTOLO",53
"FOSCARNET SODICO",53
"NEPAFENAC",53
"ROCIVERINA",53
"VALERIANA",53
"DINOPROSTONE",52
"EPLERENONE",52
"FERRIPROTINATO/CALCIO FOLINATO",52
"GALSULFASE",52
"NITRENDIPINA",52
"PARACETAMOLO/ACIDO ASCORBICO",52
"PROMETAZINA",52
"RALTITREXED",52
"TOCOFEROLO ALFA",52
"ADENOSINA",51
"BETAMETASONE FOSFATO SODICO",51
"BETAXOLOLO CLORIDRATO",51
"DROSPIRENONE",51
"FLUOCINOLONE ACETONIDE/NEOMICINA",51
"MACROGOL 3350/SODIO SOLFATO/SODIO CLORURO/POTASSIO CLORURO/ACIDO ASCORBICO/SODIO ASCORBATO",51
"NADOLOLO",51
"NORADRENALINA",51
"PIPERACILLINA",51
"RIZATRIPTAN",51
"TUBERCOLINA DERIVATO PROTEICO PURIFICATO PER USO UMANO",51
"ACIDO CLODRONICO SALE DISODICO TETRAIDRATO",50
"ACIDO NICOTINICO/LAROPIPRANT",50
"ERIBULINA",50
"ESTRADIOLO EMIIDRATO/DROSPIRENONE",50
"FORMOTEROLO FUMARATO DIIDRATO",50
"GEMEPROST",50
"ARGENTO VITELLINATO/EFEDRINA CLORIDRATO",49
"DIMETINDENE MALEATO",49
"IDURSULFASI",49
"LEVOSIMENDAN",49
"LEVOTIROXINA/ESCINA",49
"MEFLOCHINA",49
"MOEXIPRIL CLORIDRATO/IDROCLOROTIAZIDE",49
"RETINOLO/COLECALCIFEROLO",49
"ROSIGLITAZONE MALEATO",49
"TOLVAPTAN",49
"AVANAFIL",48
"CASPOFUNGIN ACETATO",48
"DACARBAZINA CITRATO",48
"MICAFUNGIN SODICO",48
"SODIO FLUORURO",48
"SODIO PICOSOLFATO",48
"SODIO RISEDRONATO EMIPENTAIDRATO",48
"TETRACOSACTIDE ESACETATO",48
"TROPISETRONE",48
"BETAISTINA CLORIDRATO",47
"CANAKINUMAB",47
"ERLOTINIB",47
"LUMACAFTOR/IVACAFTOR",47
"MAGNESIO CLORURO",47
"NORADRENALINA TARTRATO",47
"OCRIPLASMIN",47
"PARITAPREVIR",47
"TOLCAPONE",47
"TRIMEBUTINA/MEDAZEPAM",47
"VACCINO RUBEOLICO VIVO ATTENUATO",47
"CARBIDOPA",46
"CLADRIBINA",46
"DELAPRIL CLORIDRATO/MANIDIPINA CLORIDRATO",46
"DRONEDARONE",46
"EPTACOG ALFA ATTIVATO  (FATTORE VII DI COAGULAZIONE DA DNA RICOMBINANTE)",46
"FELODIPINA/RAMIPRIL",46
"FUSAFUNGINA",46
"METILPREDNISOLONE/LIDOCAINA",46
"MIDOSTAURIN",46
"NICARDIPINA",46
"PERICIAZINA MESILATO",46
"PROTEINA COAGULABILE UMANA/TROMBINA UMANA",46
"SUCCINILCOLINA CLORURO DIIDRATO",46
"AMOROLFINA CLORIDRATO",45
"CFU DI TICE BCG",45
"DICLOROFENILCARBINOLO/SODIO BENZOATO",45
"ERGOCALCIFEROLO",45
"FESOTERODINA FUMARATO",45
"MENOTROPINA",45
"OSSIDROSSIDO SUCROFERRICO",45
"UBIDECARENONE",45
"BAMIFILLINA CLORIDRATO",44
"BROMOCRIPTINA",44
"ILOPROST",44
"LOPINAVIR",44
"LUMACAFTOR",44
"NITROFURANTOINA",44
"REVIPARINA SODICA",44
"SUGAMMADEX",44
"ESTRIOLO",43
"FENAZONE/PROCAINA",43
"FLOROGLUCINOLO/MEGLUCINOLO",43
"METOCLOPRAMIDE/DIMETICONE/POTASSIO CITRATO/ACIDO TARTARICO/ACIDO CITRICO ANIDRO/SODIO BICARBONATO",43
"NIMESULIDE BETACICLODESTRINA",43
"NORDAZEPAM",43
"POTASSIO ASPARTATO/MAGNESIO ASPARTATO",43
"RALOXIFENE CLORIDRATO",43
"SENNA FOGLIA",43
"VACCINO HERPES ZOSTER VIVO ATTENUATO",43
"VALPROMIDE",43
"ABACAVIR/LAMIVUDINA/ZIDOVUDINA",42
"ACIDO FUSIDICO",42
"CALCIO FOLINATO/CIANOCOBALAMINA",42
"CILAZAPRIL MONOIDRATO",42
"CLOTRIMAZOLO/METRONIDAZOLO",42
"DESTROMETORFANO/GUAIAFENESINA",42
"GABESATO MESILATO",42
"LARONIDASI",42
"LEUPRORELINA",42
"LOMITAPIDE MESILATO",42
"MOXIFLOXACINA",42
"NICARDIPINA CLORIDRATO",42
"SODIO CITRATO/POTASSIO CITRATO/TIAMINA DIFOSFATO/RIBOFLAVINA 5-MONOFOSFATO MONOSODICO/PIRIDOSSINA CLORIDRATO/ACIDO CITRICO",42
"BACITRACINA/NEOMICINA",41
"BUTAMIRATO CITRATO",41
"CALCIO CITRATO",41
"DESFLURANO",41
"FLUDROCORTISONE",41
"IBUPROFENE SODICO",41
"KETAZOLAM",41
"KETOPROFENE SODICO",41
"LABETALOLO CLORIDRATO",41
"LENVATINIB",41
"MEPOLIZUMAB",41
"OXIBUPROCAINA CLORIDRATO",41
"ROPIVACAINA CLORIDRATO",41
"SUXAMETONIO CLORURO",41
"ARTICAINA CLORIDRATO/ADRENALINA BITARTRATO",40
"ATOVAQUONE",40
"BENZOILPEROSSIDO/CLINDAMICINA FOSFATO",40
"BOSENTAN",40
"CALCIO ACETATO/MAGNESIO CARBONATO",40
"CEFALEXINA MONOIDRATO",40
"CLOMIFENE CITRATO",40
"DIFENIDRAMINA",40
"SULTIAME",40
"TESTOSTERONE ENANTATO",40
"TIOGUANINA",40
"CEFEPIME",39
"CEFODIZIMA DISODICA",39
"CILAZAPRIL MONOIDRATO/IDROCLOROTIAZIDE",39
"ETAMIDO/SODIO CLORURO",39
"ETINILESTRADIOLO/CIPROTERONE",39
"FOSFOLIPIDI IPOTALAMICI",39
"GLUCOSIO (DESTROSIO) MONOIDRATO/POLIAMINOACIDI/SALI MINERALI/OLIO DI SOIA/TRIGLICERIDI A MEDIA CATENA/SODIO IDROSSIDO",39
"PIDOTIMOD",39
"PROPIVERINA CLORIDRATO",39
"TERIZIDONE",39
"DESMOPRESSINA ACETATO IDRATO",38
"DOBUTAMINA",38
"ERGOTAMINA/CAFFEINA",38
"GOSERELIN ACETATO",38
"LEVOMEPROMAZINA",38
"LINACLOTIDE",38
"METILPREDNISOLONE ACEPONATO",38
"MIVACURIO CLORURO",38
"OXITRIPTANO",38
"PERICIAZINA",38
"PIPERACHINA TETRAFOSFATO/DIIDROARTEMISININA",38
"SAQUINAVIR",38
"ABIRATERONE",37
"ALOGLIPTIN BENZOATO/METFORMINA CLORIDRATO",37
"AMBROXOLO ACEFILLINATO (ACEBROFILLINA)",37
"CIPROEPTADINA CLORIDRATO",37
"DIDROGESTERONE",37
"DIMETICONE",37
"ERTAPENEM SODICO",37
"GLIPIZIDE",37
"PARACETAMOLO/PSEUDOEFEDRINA CLORIDRATO",37
"PENICILLAMINA",37
"SULFADIAZINA",37
"ACIDO SALICILICO",36
"MECASERMINA",36
"NEOSTIGMINA METILSOLFATO",36
"NONACOG ALFA (FATTORE IX DI COAGULAZIONE, RICOMBINANTE)",36
"PALONOSETRON",36
"PIMECROLIMUS",36
"PIRIDOSSINA",36
"PROMESTRIENE",36
"SUFENTANIL CITRATO",36
"TERBINAFINA",36
"TIPRANAVIR",36
"VACCINO MENINGITE CEREBROSPINALE A C",36
"VINFLUNINA",36
"ACIDO FUSIDICO/BETAMETASONE VALERATO",35
"AZELASTINA CLORIDRATO/FLUTICASONE PROPIONATO",35
"CANNABINOIDI",35
"DOSULEPINA CLORIDRATO",35
"IDROCORTISONE ACETATO",35
"MACROGOL 4000/SODIO SOLFATO ANIDRO/SODIO BICARBONATO/SODIO CLORURO/POTASSIO CLORURO/DIMETICONE",35
"OSIMERTINIB",35
"RUFLOXACINA CLORIDRATO",35
"TILATTASI",35
"AMINAFTONE",34
"BETAMETASONE SODIO FOSFATO/CLORAMFENICOLO",34
"CEFONICID SODICO",34
"DROTRECOGIN ALFA ATTIVATO",34
"ELOTUZUMAB",34
"ESCINA",34
"FENITOINA/METILFENOBARBITAL",34
"KETOCONAZOLO",34
"NELFINAVIR",34
"OBINUTUZUMAB",34
"ORFENADRINA",34
"PIRIMETAMINA",34
"SITAGLIPTIN/METFORMINA",34
"SUCCINILGELATINA/SODIO CLORURO/MAGNESIO CLORURO ESAIDRATO/POTASSIO CLORURO/SODIO LATTATO",34
"ACIDI GRASSI OMEGA 3/ALFA TOCOFEROLO/GLICEROLO/FOSFATIDE PURIFICATO DI UOVO",33
"BIPERIDENE LATTATO",33
"FENOTEROLO/IPRATROPIO BROMURO",33
"LIDOCAINA/PRILOCAINA",33
"MENTOLO/CANFORA/EUCALIPTOLO/TREMENTINA ESSENZA",33
"PROTEINA DEL PLASMA UMANO ANTIANGIOEDEMA",33
"BENZIDAMINA CLORIDRATO/CETILPIRIDINIO CLORURO",32
"CEFOXITINA SODICA",32
"CLORPROPAMIDE/FENFORMINA",32
"EPOPROSTENOLO SODICO",32
"ETILEFRINA CLORIDRATO",32
"FATTORE VIII DI COAGULAZIONE DEL SANGUE UMANO DA INGEGNERIA GENETICA",32
"MEPREDNISONE",32
"MIOCAMICINA",32
"MIRTILLINA",32
"MODAFINIL",32
"PENTAMIDINA ISETIONATO",32
"POTASSIO ASPARTATO",32
"RASAGILINA",32
"TRIMIPRAMINA MESILATO",32
"ACAMPROSATO CALCICO",31
"ALIROCUMAB",31
"ALISKIREN/IDROCLOROTIAZIDE",31
"CIPROFLOXACINA CLORIDRATO MONOIDRATO/IDROCORTISONE",31
"DECITABINA",31
"DIMENIDRINATO",31
"EFEDRINA CLORIDRATO",31
"ELTROMBOPAG",31
"ESTRADIOLO VALERATO",31
"FENTICONAZOLO NITRATO",31
"FONDAPARINUX",31
"FOSINOPRIL",31
"IMIPRAMINA",31
"NEDOCROMILE SODICO",31
"PARACETAMOLO/CLORFENAMINA MALEATO/SODIO ASCORBATO",31
"SAXAGLIPTIN",31
"TRIAMCINOLONE",31
"BACAMPICILLINA",30
"CLOMIPRAMINA",30
"CLORTETRACICLINA CLORIDRATO",30
"CODEINA BROMIDRATO/EDERAGENINA",30
"FERRO/ZINCO/MANGANESE/RAME/CROMO/SELENIO/MOLIBDENO/FLUORO/IODIO",30
"FLUORO-18F-DESOSSIGLUCOSIO",30
"LENVATINIB MESILATO",30
"MEPARTRICINA",30
"RIOCIGUAT",30
"SODIO CLORURO/POTASSIO CLORURO/CALCIO CLORURO/GLUCOSIO (DESTROSIO) ANIDRO",30
"STIRIPENTOLO",30
"SULFINPIRAZONE",30
"TRAMAZOLINA CLORIDRATO",30
"DOLUTEGRAVIR",29
"DROPERIDOLO",29
"FATTORE IX DI COAGULAZIONE DEL SANGUE UMANO LIOFILIZZATO",29
"FATTORE VIII UMANO DI COAGULAZIONE/FATTORE DI VON WILLEBRAND",29
"PIRANTEL PAMOATO",29
"SERRAPEPTASI",29
"TACALCITOLO MONOIDRATO",29
"ANTITROMBINA III UMANA",28
"ARGININA CLORIDRATO",28
"BENZOILPEROSSIDO/ADAPALENE",28
"EDOXABAN",28
"ESTRAMUSTINA",28
"MINOCICLINA",28
"TIAMINA",28
"TIAMINA MONONITRATO/RIBOFLAVINA/SODIO FOSFATO/NICOTINAMIDE/PIRIDOSSINA CLORIDRATO/ACIDO PANTOTENICO/ACIDO ASCORBICO/BIOTINA/ACIDO FOLICO/CIANOCOBALAMINA",28
"UMECLIDINIO BROMURO",28
"VACCINO ENCEFALITE GIAPPONESE",28
"XILOMETAZOLINA CLORIDRATO",28
"ACEBUTOLOLO CLORIDRATO",27
"ACIDO FUSIDICO SALE SODICO",27
"BETAXOLOLO",27
"CANAGLIFLOZIN EMIIDRATO/METFORMINA CLORIDRATO",27
"CETRORELIX ACETATO",27
"IVERMECTINA",27
"OMEPRAZOLO MAGNESIO",27
"PEFLOXACINA MESILATO",27
"PILOCARPINA CLORIDRATO",27
"SODIO FOSFATO MONOBASICO MONOIDRATO/SODIO FOSFATO BIBASICO EPTAIDRATO",27
"SOMATOSTATINA",27
"TENOFOVIR ALAFENAMIDE",27
"VINBLASTINA",27
"ACIDO ETACRINICO",26
"ACIDO PARA AMINOSALICILICO",26
"APOMORFINA CLORIDRATO",26
"AZTREONAM SALE DI LISINA",26
"CEFPODOXIMA",26
"CEFTAZIDIMA/AVIBACTAM SODICO",26
"DESTROMETORFANO",26
"DEXRAZOXANO CLORIDRATO",26
"DICLOFENAC/MISOPROSTOLO",26
"FLUOCINOLONE ACETONIDE/KETOCAINA CLORIDRATO",26
"FRUTTOSIO DIFOSFATO SODICO",26
"ICODESTRINA/SODIO CLORURO/SODIO LATTATO/ CALCIO CLORURO/MAGNESIO CLORURO",26
"IDROXIZINA",26
"INDINAVIR",26
"MAGNESIO IDROSSIDO/ALGELDRATO/DIMETICONE",26
"OXACILLINA",26
"PARAFFINA LIQUIDA",26
"PERMETRINA",26
"PLASMA UMANO LIOFILIZZATO",26
"POLIAMINOACIDI/SODIO ACETATO/MAGNESIO ACETATO/SODIO CLORURO/POTASSIO CLORURO/ACIDO FOSFORICO/POTASSIO METABISOLFITO",26
"SULFOPOLIGLICANO",26
"TIROFIBAN",26
"TOCOFEROLO ACETATO D-ALFA",26
"TROSPIUM CLORURO",26
"UMECLIDINIO BROMURO/VILANTEROLO",26
"VACCINO PAPILLOMAVIRUS UMANO (TIPI UMANI 6, 11, 16, 18, 31, 33, 45, 52, 58)",26
"ADRENALINA BITARTRATO",25
"ALPROSTADIL ALFACICLODESTRINA",25
"AMINOACIDI/ELETTROLITI/GLUCOSIO (DESTROSIO)/CALCIO",25
"ATAZANAVIR SOLFATO/COBICISTAT",25
"BENZILPENICILLINA",25
"BETAMETASONE VALERATO",25
"CEFTIZOXIMA SODICA",25
"CINNOXICAM",25
"DIAZOSSIDO",25
"GLUCOSIO (DESTROSIO) MONOIDRATO/POLIAMINOACIDI/SALI MINERALI/OLIO DI SOIA",25
"ISOCONAZOLO/DIFLUCORTOLONE",25
"METADOXINA",25
"NAFAZOLINA CLORIDRATO",25
"PELARGONIUM SIDOIDES ESTRATTO",25
"PINDOLOLO",25
"TASONERMINA",25
"VACCINO DIFTERITE/PERTOSSE ADSORBITO/TETANO",25
"VECURONIO BROMURO",25
"VELAGLUCERASI ALFA",25
"AFAMELANOTIDE",24
"ALBENDAZOLO",24
"ASENAPINA",24
"BENAZEPRIL",24
"BETAMETASONE DIPROPIONATO",24
"CALCIO CLORURO",24
"CEFPROZIL MONOIDRATO",24
"CIDOFOVIR",24
"COLLAGENASI DI CLOSTRIDIUM HISTOLYTICUM",24
"DOBUTAMINA CLORIDRATO",24
"ESTRADIOLO/DIDROGESTERONE",24
"ESTRAMUSTINA FOSFATO SODICO",24
"MEXILETINA CLORIDRATO",24
"NAPROXENE/ESOMEPRAZOLO MAGNESIO TRIIDRATO",24
"NISOLDIPINA",24
"PILOCARPINA",24
"RITODRINA CLORIDRATO",24
"SULFADIAZINA ARGENTICA",24
"TAZOBACTAM",24
"VERTEPORFINA",24
"ALDESLEUCHINA",23
"ALOGLIPTIN BENZOATO/PIOGLITAZONE CLORIDRATO",23
"ANATOSSINA TETANICA",23
"BELATACEPT",23
"CEFODIZIMA",23
"CEFUROXIMA SODICA",23
"CLORAMFENICOLO/COLISTIMETATO SODICO/TETRACICLINA CLORIDRATO",23
"DAPSONE",23
"DICLOROFENILCARBINOLO/AMILMETACRESOLO",23
"ELVITEGRAVIR",23
"FLUFENAZINA CLORIDRATO",23
"GLICEROLO",23
"GLICINA",23
"IDROSSIPROGESTERONE CAPROATO",23
"LOTEPREDNOLOLO ETABONATO",23
"METOPROLOLO/CLORTALIDONE",23
"MIZOLASTINA",23
"PROPIFENAZONE",23
"SULPROSTONE",23
"TENOXICAM",23
"TETRACICLINA",23
"VACCINO PNEUMOCATARRALE",23
"VALGANCICLOVIR",23
"ACIDO URSODESOSSICOLICO ESTERE SOLFORICO SALE SODICO",22
"AZELASTINA CLORIDRATO",22
"BARIO SOLFATO",22
"CALCIPOTRIOLO",22
"CISTEAMINA BITARTRATO (MERCAPTAMINA BITARTRATO)",22
"CITARABINA CLORIDRATO",22
"CLIDINIO BROMURO/CLORDIAZEPOSSIDO",22
"DAPOXETINA CLORIDRATO",22
"DIIDROERGOTAMINA MESILATO",22
"ESTROGENI CONIUGATI/BAZEDOXIFENE ACETATO",22
"FERROSO SOLFATO/ACIDO ASCORBICO/ACIDO FOLICO",22
"FOSINOPRIL/IDROCLOROTIAZIDE",22
"GONADORELINA",22
"INDAPAMIDE EMIDRATO",22
"IODOCASEINA/TIAMINA",22
"IPERICO ESTRATTO SECCO",22
"MEXILETINA",22
"MITOTANO",22
"NABUMETONE",22
"ORMONE PARATIROIDEO DA DNA RICOMBINANTE",22
"RIMONABANT",22
"SODIO CLORURO/SODIO ACETATO/SODIO GLUCONATO/POTASSIO CLORURO/MAGNESIO CLORURO",22
"VENETOCLAX",22
"CATUMAXOMAB",21
"CLORAMFENICOLO",21
"DEQUALINIO CLORURO",21
"EFEDRINA",21
"ESTRADIOLO/NORETISTERONE ACETATO",21
"FAMOTIDINA",21
"FENDIMETRAZINA TARTRATO",21
"IDROCORTISONE BUTIRRATO",21
"JOSAMICINA",21
"LATTULOSIO/PARAFFINA LIQUIDA/PARAFFINA BIANCA SOFFICE",21
"MAPROTILINA CLORIDRATO",21
"MEPIVACAINA/ADRENALINA",21
"NIFURATEL/NISTATINA",21
"PENTOSTATINA",21
"SODIO FOLINATO",21
"TELITROMICINA",21
"TOPOTECAN",21
"TRANDOLAPRIL",21
"ACIDO ALGINICO",20
"ACIDO FOLICO SALE SODICO",20
"ADAPALENE",20
"ADEMETIONINA",20
"AMBROXOLO",20
"ATOSIBAN ACETATO",20
"BENZALCONIO CLORURO",20
"CELIPROLOLO CLORIDRATO",20
"COBICISTAT",20
"MOROCTOCOG ALFA (FATTORE VIII DI COAGULAZIONE, RICOMBINANTE)",20
"OLODATEROLO CLORIDRATO",20
"PIPOBROMANO",20
"SIBUTRAMINA CLORIDRATO MONOIDRATO",20
"ACETILCISTEINA/TUAMINOEPTANO",19
"ALCOOL ETILICO (ETANOLO)",19
"BIOTINA",19
"CALCIO LATTATO/SODIO BENZOATO",19
"CALCIO POLISTIRENSOLFONATO",19
"CLOPIDOGREL/ACIDO ACETILSALICILICO",19
"DANTROLENE SODICO",19
"DORZOLAMIDE",19
"ELVITEGRAVIR/COBICISTAT/EMTRICITABINA/TENOFOVIR ALAFENAMIDE FUMARATO",19
"LIEVITO DI BIRRA",19
"MUPIROCINA CALCICA",19
"NALOXONE CLORIDRATO",19
"PREDNISOLONE EMISUCCINATO SODICO",19
"PSEUDOEFEDRINA",19
"RABEPRAZOLO",19
"SORBITOLO",19
"SUFENTANIL",19
"TEGAFUR/URACILE",19
"TETRACICLINA CLORIDRATO",19
"TETRIZOLINA/FENIRAMINA",19
"TIOPRONINA",19
"TRIMETOPRIM",19
"UROFOLLITROPINA",19
"VACCINO DIFTERITE ADSORBITO",19
"VALERIANA RADICE POLVERE",19
"ACIDO TIOCTICO",18
"CAFFEINA CITRATO",18
"COCARBOSSILASI/PIRIDOSSINA/CIANOCOBALAMINA",18
"DESAMETASONE ACETATO",18
"DESTROMETORFANO BROMIDRATO/DOXILAMINA SUCCINATO/PARACETAMOLO",18
"FLUORO",18
"FLUTICASONE",18
"GLUCOSIO (DESTROSIO) MONOIDRATO/POLIAMINOACIDI/OLIO DI SOIA PURIFICATO/OLIO DI OLIVA PURIFICATO/SALI MINERALI",18
"JOSAMICINA PROPIONATO",18
"LEVOCLOPERASTINA FENTIZOATO",18
"LITIO SOLFATO",18
"MEPIVACAINA CLORIDRATO/ADRENALINA",18
"MICONAZOLO NITRATO",18
"PARACETAMOLO/PSEUDOEFEDRINA CLORIDRATO/DIFENIDRAMINA CLORIDRATO",18
"PROTAMINA CLORIDRATO",18
"RETINOLO PALMITATO/ERGOCALCIFEROLO/TOCOFEROLO ALFA/FITOMENADIONE",18
"RIFAMICINA SODICA",18
"SALBUTAMOLO/IPRATROPIO BROMURO",18
"SULFAMETOXAZOLO",18
"TENECTEPLASE",18
"TIROTRICINA",18
"ACICLOVIR SODICO",17
"ACIDO CROMOGLICICO SALE SODICO/CLORFENAMINA MALEATO",17
"ACIDO FOLINICO/IDROXOCOBALAMINA",17
"CARMELLOSA SODICA",17
"COLESTIRAMINA",17
"COMPLESSO PROTROMBINICO ANTIEMOFILICO UMANO ATTIVATO",17
"DEXPANTENOLO",17
"EFEDRINA CLORIDRATO/NAFAZOLINA",17
"ESLICARBAZEPINA ACETATO",17
"FOLLITROPINA BETA",17
"IDROXOCOBALAMINA",17
"IMMUNOGLOBULINA UMANA RH0",17
"LIDOCAINA/CETRIMIDE",17
"MEPIVACAINA",17
"NANDROLONE DECANOATO",17
"NETILMICINA",17
"OXICODONE",17
"PANCREATINA",17
"POTASSIO PERCLORATO",17
"RETIGABINA",17
"RETINOLO/TOCOFEROLO ACETATO ALFA",17
"SAPROPTERINA DICLORIDRATO",17
"SODIO PICOSOLFATO/MAGNESIO OSSIDO LEGGERO/ACIDO CITRICO ANIDRO",17
"TECNEZIO 99m Tc ALBUMINA UMANA SOLUZIONE INIETTABILE",17
"TESTOSTERONE PROPIONATO/TESTOSTERONE FENILPROPIONATO/TESTOSTERONE ISOCAPROATO/TESTOSTERONE DECANOATO",17
"TIROTRICINA/NAFAZOLINA",17
"TORASEMIDE SODICA",17
"XIBORNOLO",17
"ACIDO LATTICO/SODIO IDROSSIDO/SODIO CLORURO/POTASSIO CLORURO/CALCIO CLORURO",16
"ACIDO PAMIDRONICO",16
"BEXAROTENE",16
"BUSPIRONE",16
"CIPROFLOXACINA CLORIDRATO/DESAMETASONE",16
"CITICOLINA SODICA",16
"CLORAMFENICOLO/COLISTIMETATO SODICO/ROLITETRACICLINA",16
"DIIDROTACHISTEROLO",16
"ECONAZOLO/TRIAMCINOLONE",16
"EPOETINA TETA",16
"ETAMBUTOLO/ISONIAZIDE/PIRIDOSSINA",16
"ETOPOSIDE FOSFATO",16
"IODIO IOFLUPANO-123I",16
"LANREOTIDE",16
"LAUROMACROGOL 400 (POLIDOCANOLO)",16
"NORTRIPTILINA",16
"OXPRENOLOLO/CLORTALIDONE",16
"PSEUDOEFEDRINA CLORIDRATO",16
"SAPROPTERINA",16
"SODIO CITRATO/POTASSIO CITRATO/COMPLESSO VITAMINICO",16
"SULTAMICILLINA",16
"TERLIPRESSINA",16
"TETRAKIS CU TETRAFLUOROBORATO",16
"ACIDO TIAPROFENICO",15
"AMLODIPINA/VALSARTAN",15
"BARNIDIPINA",15
"BETAMETASONE/ACIDO SALICILICO",15
"CLEBOPRIDE",15
"CLORAMFENICOLO/IDROCORTISONE",15
"CLORPROPAMIDE/METFORMINA",15
"DISOPIRAMIDE FOSFATO",15
"GADOLINIO OSSIDO",15
"GLICEROFOSFORILETANOLAMINA MONOIDRATA",15
"INDINAVIR SOLFATO",15
"INTERFERONE ALFA N3",15
"LEDIPASVIR",15
"LEPIRUDINA",15
"OCRELIZUMAB",15
"PIRETANIDE",15
"PROGLUMETACINA DIMALEATO",15
"ROKITAMICINA",15
"SODIO CLORURO/POTASSIO CLORURO/CALCIO CLORURO/MAGNESIO CLORURO/SODIO ACETATO/SODIO CITRATO",15
"SULFADIAZINA ARGENTICA/ACIDO IALURONICO SALE SODICO",15
"TERLIPRESSINA ACETATO PENTAIDRATO",15
"TETROFOSMINA",15
"TIAPRIDE",15
"TOLRESTAT",15
"VERDE INDOCIANINA",15
"XILENE",15
"ACIDO IOSSAGLICO SALE SODICO/ACIDO IOSSAGLICO SALE DI MEGLUMINA",14
"CALCIO ACETATO ANIDRO",14
"CLOPERASTINA",14
"CLOREXIDINA GLUCONATO/ETANOLO",14
"COLLAGENASI/CLORAMFENICOLO",14
"DIFLUCORTOLONE VALERATO",14
"DIIDROCODEINA/ACIDO BENZOICO",14
"FENOTEROLO BROMIDRATO",14
"FOSFATIDI CEREBRALI/CIANOCOBALAMINA",14
"IMMUNOGLOBULINA EQUINA LINFOCITARIA",14
"IODIO",14
"LATTOSIO",14
"NICOTINAMIDE",14
"PAPAVERINA CLORIDRATO/BELLADONNA",14
"PERGOLIDE MESILATO",14
"POLIETILENGLICOLE",14
"POTASSIO CLAVULANATO",14
"SAQUINAVIR MESILATO",14
"SAXAGLIPTIN CLORIDRATO/METFORMINA CLORIDRATO",14
"SOBREROLO/PARACETAMOLO",14
"TRIMETOPRIM/SULFAMOXOLO",14
"UROCHINASI",14
"ZAFIRLUKAST",14
"ACIDO SALICILICO/ACIDO LATTICO",13
"ACIDO SPAGLUMICO SALE SODICO",13
"ALACEPRIL",13
"ALOGLIPTIN",13
"AMIFAMPRIDINA FOSFATO",13
"AMOXICILLINA/POTASSIO CLAVULANATO",13
"BARBESACLONE",13
"BENFLUOREX",13
"BORNAPRINA CLORIDRATO",13
"CALCIO ACETATO",13
"CICLOPIROX",13
"CLOREXIDINA CLORIDRATO",13
"COCARBOSSILASI/MONOFOSFORIBOFLAVINA/CODECARBOSSILASI/NICOTINAMIDE",13
"DAPIPRAZOLO CLORIDRATO",13
"DESAMETASONE/CLORAMFENICOLO",13
"DESTRANO",13
"DEXMEDETOMIDINA CLORIDRATO",13
"DIPROFILLINA",13
"DOXICICLINA MONOIDRATO",13
"ECONAZOLO",13
"EMTRICITABINA/TENOFOVIR ALAFENAMIDE FUMARATO",13
"EOSINA",13
"FLUDROCORTISONE ACETATO",13
"GESTODENE",13
"GLUCOSIO (DESTROSIO) ANIDRO/SODIO CLORURO/POTASSIO ACETATO/MAGNESIO ACETATO",13
"GRISEOFULVINA",13
"IMMUNOGLOBULINA UMANA CITOMEGALOVIRUS",13
"ISOXSUPRINA CLORIDRATO",13
"MACROGOL 400",13
"METILE NICOTINATO/GLICOLE SALICILATO",13
"MINOCICLINA CLORIDRATO",13
"NELFINAVIR MESILATO",13
"NIZATIDINA",13
"OLIO DI SOIA/FOSFOLIPIDI D'UOVO/GLICEROLO",13
"PIAS (ESTRATTO TOTALE DEGLI INSAPONIFICABILI DEGLI OLI DI AVOCADO E SOJA)",13
"PIPAMPERONE DICLORIDRATO",13
"SODIO CLORURO/POTASSIO ACETATO/MAGNESIO ACETATO/GLUCOSIO (DESTROSIO) MONOIDRATO",13
"TERLIPRESSINA ACETATO",13
"URAPIDIL",13
"XILOMETAZOLINA CLORIDRATO/IPRATROPIO BROMURO",13
"ACIDO ACETILSALICILICO/ESOMEPRAZOLO MAGNESIO TRIIDRATO",12
"ACIDO MEFENAMICO",12
"ACIDO TAUROURSODESOSSICOLICO BIIDRATO",12
"ALLUMINIO IDROSSIDO/MAGNESIO IDROSSIDO/DIMETICONE",12
"AMILORIDE",12
"ARGENTO PROTEINATO",12
"BETAMETASONE/NAFAZOLINA/TETRACICLINA",12
"BISOPROLOLO EMIFUMARATO/IDROCLOROTIAZIDE",12
"CAPSAICINA/CANFORA/EUCALIPTO ESSENZA/TREMENTINA ESSENZA",12
"CEFUROXIMA",12
"CICLOPIROX SALE DI OLAMINA",12
"CILASTATINA",12
"CIPROFLOXACINA/FLUOCINOLONE ACETONIDE",12
"CORIOGONADOTROPINA ALFA",12
"DEANOLO SUCCINATO ACIDO",12
"DICLOROFENILCARBINOLO",12
"DROPROPIZINA",12
"DROPROPIZINA/SULFOGUAIACOLO",12
"EPOPROSTENOLO",12
"ESCINA/DIETILAMINA SALICILATO",12
"FERRISACCARATO",12
"FLUMETASONE/ACIDO SALICILICO",12
"FLUOROMETOLONE",12
"IDROSSIBUTILOSSIDO",12
"ISAVUCONAZOLO",12
"LEVOASPARAGINA",12
"LIDOCAINA/TETRACAINA",12
"MEGESTROLO",12
"METAMIZOLO MAGNESIACO",12
"OLAFLUR/DECTAFLUR/SODIO FLUORURO",12
"PARACETAMOLO/ACIDO ASCORBICO/PROPIFENAZONE",12
"PARACETAMOLO/FENIRAMINA/FENILEFRINA",12
"PARACETAMOLO/IBUPROFENE",12
"PEGAPTANIB SODICO",12
"PILOCARPINA NITRATO",12
"POTASSIO PERMANGANATO",12
"SODIO ALGINATO",12
"SODIO BICARBONATO/ACIDO CITRICO ANIDRO",12
"SODIO CLORURO/POTASSIO CLORURO/CALCIO CLORURO/SODIO ACETATO",12
"SODIO IPOCLORITO",12
"TAFLUPROST/TIMOLOLO MALEATO",12
"TESTOSTERONE PROPIONATO",12
"TETRIZOLINA CLORIDRATO",12
"TIRATRICOLO",12
"VACCINO DIFTERITE/EPATITE B RICOMBINANTE ADSORBITO/PERTOSSE ACELLULARE/POLIOMELITE INATTIVATO/TETANO",12
"VACCINO TUBERCOLARE BCG LIOFILIZZATO",12
"VITAMINA T",12
"ACIDO ETACRINICO SALE SODICO",11
"ALFUZOSINA",11
"APRACLONIDINA CLORIDRATO",11
"AZOTO PROTOSSIDO",11
"AZTREONAM",11
"BALSALAZIDE BISODICO",11
"BENSERAZIDE",11
"CASSIA ANGUSTIFOLIA/CASSIA FISTULA",11
"CEFOXITINA",11
"DEGARELIX",11
"DIGITOSSINA",11
"DIIDROCHINIDINA CLORIDRATO",11
"ESMOLOLO CLORIDRATO",11
"FENILEFRINA",11
"FLUNITRAZEPAM",11
"GLUCOSIO (DESTROSIO) MONOIDRATO/SODIO CLORURO/CALCIO CLORURO BIIDRATO/MAGNESIO CLORURO ESAIDRATO/SODIO BICARBONATO/SODIO LATTATO",11
"IMECROMONE",11
"IXEKIZUMAB",11
"MANGANESE CLORURO TETRAIDRATO/POTASSIO IODURO/RAME CLORURO DIIDRATO/SODIO FLUORURO/SODIO SELENITO/ZINCO CLORURO",11
"METILAMINOLEVULINATO",11
"NALTREXONE CLORIDRATO",11
"NEOMICINA/BACITRACINA/CISTEINA/TREONINA/GLICINA",11
"NESSUN PRINCIPIO ATTIVO",11
"NIFEDIPINA/LIDOCAINA CLORIDRATO",11
"PALIFERMINA",11
"PANCREAS POLVERE",11
"PASIREOTIDE DIASPARTATO",11
"PERGOLIDE",11
"PRILOCAINA CLORIDRATO",11
"PROPANOLO",11
"RABARBARO/ACIDO SALICILICO",11
"REBOXETINA METANSULFONATO",11
"RETINOLO",11
"RUSCOGENINA/TETRACAINA CLORIDRATO",11
"SITAXENTAN SODICO",11
"SOLIFENACINA SUCCINATO/TAMSULOSINA CLORIDRATO",11
"TIBENZONIO IODURO",11
"TIOTROPIO BROMURO/OLODATEROLO CLORIDRATO",11
"TRIPTORELINA ACETATO",11
"VACCINO DIFTERITE/EPATITE B/PERTOSSE/TETANO",11
"VACCINO MORBILLO VIVO",11
"ZINCO SOLFATO",11
"ACECLIDINA CLORIDRATO",10
"ACIDO ALENDRONICO SALE SODICO MONOIDRATO",10
"BETAINA",10
"BETAMETASONE/TIROTRICINA/NORVALINA",10
"BRINZOLAMIDE/BRIMONIDINA TARTRATO",10
"CALCIO GLUCONATO/CALCIO GLUCOEPTONATO/CIANOCOBALAMINA",10
"CAPREOMICINA SOLFATO",10
"CASCARA",10
"CINACALCET",10
"COBAMAMIDE",10
"CROTAMITONE",10
"DALBAVANCINA CLORIDRATO",10
"DESLORATADINA/PSEUDOEFEDRINA SOLFATO",10
"DICLOFENAMIDE",10
"DICLOROFENILCARBINOLO/AMILMETACRESOLO/MENTOLO",10
"DISODIO LEVOFOLINATO",10
"EMTRICITABINA/RILPIVIRINA/TENOFOVIR DISOPROXIL",10
"ESCINA/EPARINA SODICA/DIETILAMINA SALICILATO",10
"FELBAMATO",10
"FOSFOMICINA DISODICA",10
"FRUMENTO ESTRATTO",10
"GLICEROLO/FUMARIA ESTRATTO IDROALCOLICO/ONONIDE ESTRATTO IDROALCOLICO/PISCIDIA ESTRATTO IDROALCOLICO",10
"GLUCOSAMINA",10
"LOMEFLOXACINA",10
"NAFAZOLINA/TONZILAMINA",10
"NAFTIDROFURILE OSSALATO ACIDO",10
"NEURAMIDE",10
"PICOTAMIDE",10
"POTASSIO CITRATO",10
"PROTEINE PLASMATICHE UMANE",10
"RASAGILINA TARTRATO",10
"RILPIVIRINA",10
"SODIO LATTATO/POTASSIO CLORURO/SODIO CLORURO",10
"SULFAMETOPIRAZINA/PIRIMETAMINA",10
"SULFOGUAIACOLO/DESTROMETORFANO BROMIDRATO",10
"TETRACICLINA/SULFAMETILTIAZOLO",10
"TROXERUTINA/CARBAZOCROMO",10
"URAPIDIL CLORIDRATO",10
"ACIDI GRASSI OMEGA 3 POLINSATURI",9
"ACIDO ACETILSALICILICO/SODIO BICARBONATO/ACIDO CITRICO ANIDRO",9
"ARTICAINA CLORIDRATO",9
"BACILLUS SUBTILIS",9
"BENZILPENICILLINA POTASSICA",9
"BENZOCAINA/ALCOOL BENZILICO/CLOROXILENOLO",9
"BRIMONIDINA",9
"BUXAMINA/FENOBARBITAL/FENITOINA",9
"CEFTOBIPROLO MEDOCARIL SODICO",9
"CETILPIRIDINIO CLORURO",9
"CLINDAMICINA FOSFATO/TRETINOINA",9
"CLOBETASONE BUTIRRATO",9
"CLOREXIDINA DIGLUCONATO",9
"COMPLESSO PROTROMBINICO UMANO",9
"DEXKETOPROFENE",9
"DIFLUCORTOLONE VALERATO/JOSAMICINA PROPIONATO",9
"DUTASTERIDE/TAMSULOSINA CLORIDRATO",9
"ETIONAMIDE",9
"FENILEFRINA CLORIDRATO",9
"FERRIPROTINATO",9
"FERUMOXSIL",9
"FEXOFENADINA",9
"FIBRINOGENO UMANO LIOFILIZZATO",9
"GLUCOSAMINA SOLFATO SODIO CLORURATO",9
"IBUPROFENE SODICO DIIDRATO",9
"IODIO/POTASSIO IODURO",9
"ISRADIPINA",9
"LINCOMICINA",9
"MAGNESIO ASPARTATO",9
"MEMANTINA",9
"METISOPRINOLO",9
"MICONAZOLO/BENZOPEROSSIDO",9
"NUSINERSEN",9
"ORMONE SOMATOTROPO BIOSINTETICO DA DNA RICOMBINANTE",9
"PARACETAMOLO/ACIDO ASCORBICO/CAFFEINA/CLORFENAMINA MALEATO/ISOPROPAMIDE IODURO",9
"PERINDOPRIL ERBUMINA (TERT-BUTILAMINA)/AMLODIPINA BESILATO",9
"PERINDOPRIL TOSILATO",9
"PINAZEPAM",9
"PREDNISONE ACETATO",9
"RHODIOLA ROSEA ESTRATTO SECCO",9
"SODIO CITRATO/ACIDO CITRICO ANIDRO/GLUCOSIO (DESTROSIO) ANIDRO",9
"TEGAFUR/GIMERACIL/OTERACIL",9
"TRIGLICERIDI A CATENA MEDIA/OLIO DI SOIA",9
"VACCINO HAEMOPHILUS INFLUENZAE",9
"ACIDO DEIDROCOLICO",8
"ACIDO PIPEMIDICO TRIIDRATO",8
"ACQUA DEPURATA",8
"ALFA 1 ANTITRIPSINA UMANA",8
"AMINOACIDI/AZOTO/ELETTROLITI/GLUCOSIO (DESTROSIO) ANIDRO/LIPIDI",8
"AZOTO PROTOSSIDO/OSSIGENO",8
"BIFIDOBACTERIUM BIFIDUM VIVO LIOFILIZZATO/LACTOBACILLUS ACIDOPHILUS VIVO LIOFILIZZATO",8
"BUSERELIN ACETATO",8
"CISATRACURIO",8
"DELTA-9-TETRAIDROCANNABINOLO",8
"DESOSSICORTONE ACETATO",8
"DEXLANSOPRAZOLO",8
"DIACEREINA",8
"DOXICICLINA CLORIDRATO",8
"EMINA",8
"EOSINA/CLOROXILENOLO/GLICOLE PROPILENICO",8
"ESCINA/FOSFATIDILCOLINA",8
"EUCALIPTOLO/TERPINOLO/FITOTERAPICI",8
"FLUCLOXACILLINA SODICA",8
"IDARUCIZUMAB",8
"IDROCORTISONE ACETATO/PRAMOCAINA CLORIDRATO",8
"IPRATROPIO BROMURO MONOIDRATO",8
"ISOFLURANO",8
"LACTOBACILLUS LB(LACTOBACILLUS FERMENTUM/LACTOBACILLUS DELBRUECKII)",8
"LEVOCABASTINA CLORIDRATO",8
"LEVOTIROSINA",8
"LIQUIRIZIA",8
"MEDROSSIPROGESTERONE",8
"METACOLINA CLORURO",8
"NAFTIFINA CLORIDRATO",8
"NALMEFENE",8
"NEOSTIGMINA",8
"NIFURATEL",8
"OLIO ETIODATO",8
"PAPAVERINA",8
"PENTOSANO POLISOLFATO SODICO",8
"PODOFILLOTOSSINA",8
"PRAZIQUANTEL",8
"PROCLORPERAZINA",8
"SALBUTAMOLO SOLFATO/FLUNISOLIDE",8
"SEBELIPASI ALFA",8
"SENNA ESTRATTO SECCO",8
"SIMOCTOCOG ALFA (FATTORE VIII DI COAGULAZIONE, RICOMBINANTE)",8
"SODIO NITROPRUSSIATO ANIDRO",8
"SODIO TIOSOLFATO",8
"SULGLICOTIDE",8
"TEMOPORFIN",8
"TOBRAMICINA/DESAMETASONE SODIO FOSFATO",8
"TRIAMCINOLONE ACETONIDE BENZAMIDOISOBUTIRRATO/ACIDO FUSIDICO",8
"XANTOPTERINA/RETINOLO/RIBOFLAVINA/ERGOCALCIFEROLO/CALCIO PANTOTENATO/TOCOFEROLO ALFA",8
"ACETILCARNITINA",7
"ACIDO ACETILSALICILICO SALE DI ALLUMINIO",7
"ACIDO CROMOGLICICO SALE DISODICO",7
"ACLIDINIO",7
"AMINOACIDI CHETOANALOGHI/AMINOACIDI",7
"ARGATROBAN",7
"ASFOTASE ALFA",7
"AURANOFINA",7
"BECLOMETASONE DIPROPIONATO/NEOMICINA SOLFATO",7
"BETAMETASONE/TETRIZOLINA",7
"BLEOMICINA",7
"BROMEXINA",7
"CALCIO CARBONATO/ACIDO CITRICO ANIDRO/COMPLESSO VITAMINICO",7
"CALCIO CARBONATO/MAGNESIO CARBONATO BASICO LEGGERO",7
"CALCIO DOBESILATO",7
"CALCITONINA DI SALMONE",7
"CEFONICID",7
"CHININA SOLFATO",7
"CICLOSERINA",7
"CLARITROMICINA CITRATO",7
"CLOREXIDINA DIGLUCONATO/BENZALCONIO CLORURO",7
"DACLIZUMAB",7
"DESTROMETORFANO/SULFOGUAIACOLO/AMMONIO ACETATO",7
"DIIDROSSIBUTILETERE/CASCARA ESTRATTO SECCO/RABARBARO ESTRATTO SECCO/BOLDO ESTRATTO SECCO",7
"ENOXIMONE",7
"EPTOTERMINA ALFA (PROTEINA OSTEOGENICA)",7
"FLUPIRTINA MALEATO",7
"GLICEROLO/CAMOMILLA/MALVA",7
"GLUCOSAMINA SOLFATO",7
"IALURONIDASI",7
"IDROCORTISONE/ESCULINA/AMILEINA/BENZOCAINA/BENZALCONIO CLORURO",7
"IMMUNOGLOBULINA UMANA ANTIRABBIA",7
"IOBENGUANO (123I)",7
"ISOCONAZOLO NITRATO",7
"ISPAGHULA SEMI/SENNA FRUTTI",7
"ITTRIO CLORURO",7
"KETOTIFENE",7
"LEVOBUPIVACAINA",7
"LIPIDI DI SOIA/FOSFOLIPIDI DI TUORLO D'UOVO",7
"MAGNESIO CITRATO",7
"MEPIVACAINA CLORIDRATO/ADRENALINA BITARTRATO",7
"MESOGLICANO",7
"METERGOLINA",7
"NANDROLONE",7
"NAPROXENE/GLUCOSUROGLICANO SOLFATO",7
"NEOMICINA/EUCALIPTOLO/PINO ESSENZA/CANFORA/MENTOLO/CLOROBUTANOLO",7
"NICOTINA RESINATO",7
"OLARATUMAB",7
"OLOPATADINA CLORIDRATO",7
"OXEDRINA TARTRATO",7
"PEFLOXACINA",7
"PEROSSIDO DI IDROGENO",7
"PRENOXDIAZINA/CARBOCISTEINA",7
"PROCAINAMIDE",7
"SANGUE ESTRATTO",7
"SCOPOLAMINA BROMIDRATO",7
"SIERIMMUNE BOTULINICO",7
"SODIO CLORURO/POTASSIO CLORURO/MAGNESIO CLORURO/POTASSIO ACETATO/SODIO ACETATO/SODIO GLUCONATO/GLUCOSIO (DESTROSIO) MONOIDRATO",7
"SODIO IODURO 131I",7
"SODIO TETRADECIL SOLFATO",7
"SPIRAPRIL CLORIDRATO",7
"STREPTOMICINA",7
"SURFATTANTE",7
"TETRACAINA/ESCINA",7
"TETRAKIS CU TETRAFLUOROBORATO/CLORURO STANNOSO DIIDRATO/LEVOCISTEINA CLORIDRATO MONOIDRATO",7
"TIAMINA/PIRIDOSSINA/IDROXOCOBALAMINA",7
"TIROTRICINA/CETRIMONIO BROMURO/BENZOCAINA",7
"TRAMAZOLINA/CLORFENAMINA",7
"VACCINO HAEMOPHILUS INFLUENZAE B CONIUGATO CON PROTEINA DIFTERICA CRM197",7
"ZINCO ACETATO",7
"ZUCLOPENTIXOLO ACETATO",7
"ABACAVIR/LAMIVUDINA",6
"ACIDO AZELAICO",6
"ACIDO CHENODESOSSICOLICO",6
"ACIDO CLAVULANICO SALE DI POTASSIO",6
"ACIDO CROMOGLICICO/CLORFENAMINA",6
"ALCHILDIMETILBENZILAMMONIO CLORURO/ALCHILDIMETILETILBENZILAMMONIO CLORURO",6
"ALOE ESTRATTO SECCO",6
"AMINOACIDI/GLUCOSIO (DESTROSIO)/ELETTROLITI",6
"AMTOLMETINA GUACILE",6
"ANAGRELIDE",6
"ARGININA ASPARTATO",6
"ARTESUNATO",6
"BACILLO VAGINALE",6
"BEMIPARINA",6
"BENZALCONIO CLORURO/ETANOLO",6
"BETAMETASONE SODIO FOSFATO/TETRACICLINA CLORIDRATO",6
"CALCIO FOLINATO PENTAIDRATO",6
"CANAGLIFLOZIN",6
"CEFADROXIL MONOIDRATO",6
"CEFOPERAZONE SODICO",6
"CENTASINA",6
"CHITOSANO",6
"CILAZAPRIL",6
"CLOBETASONE",6
"CLOREXIDINA DICLORIDRATO",6
"CLORMADINONE ACETATO",6
"COLLAGENASI",6
"CONESTAT ALFA",6
"DESTROMETORFANO BROMIDRATO/DICLOROFENILCARBINOLO",6
"DIFLUCORTOLONE",6
"DIFLUNISAL",6
"DISOPIRAMIDE",6
"ESTRADIOLO EMIIDRATO/LEVONORGESTREL",6
"FLUCITOSINA",6
"FLUCLOXACILLINA",6
"FLUNISOLIDE EMIIDRATO",6
"FLURAZEPAM DICLORIDRATO",6
"FUCUS VESCICULOSUS",6
"GLUCOSIO (DESTROSIO) MONOIDRATO/POLIAMINOACIDI/OLIO DI OLIVA PURIFICATO/OLIO DI SOIA PURIFICATO",6
"IDEBENONE",6
"LIDOCAINA CLORIDRATO/ADRENALINA BITARTRATO",6
"LISINA ACETILSALICILATO/METOCLOPRAMIDE MONOIDROCLORIDRATO",6
"LUTROPINA ALFA",6
"MAGNESIO IDROSSIDO",6
"MELITRACENE/FLUPENTIXOLO",6
"METACICLINA",6
"NEOMICINA",6
"NEOMICINA/FLUOCINOLONE ACETONIDE/LIDOCAINA",6
"NORETISTERONE",6
"OSSIDO DI AZOTO",6
"PARACETAMOLO/FENILPROPANOLAMINA/CLORFENAMINA",6
"PINAVERIO BROMURO",6
"PIRICARBATO",6
"POTASSIO FOSFATO MONOBASICO/POTASSIO FOSFATO BIBASICO",6
"PROGUANILE CLORIDRATO",6
"SALSALATO",6
"SECRETINA",6
"SERENOA/ORTICA",6
"SIBUTRAMINA CLORIDRATO ANIDRO",6
"SIERIMMUNE CONTRO IL VELENO DI VIPERE EUROPEE",6
"SODIO ACETATO/POTASSIO CLORURO/MAGNESIO CLORURO/POTASSIO BIBASICO/GLUCOSIO (DESTROSIO) MONOIDRATO",6
"SODIO FERRIGLUCONATO/CALCIO FOLINATO",6
"TEOBROMINA",6
"TIAMINA/PIRIDOSSINA/CIANOCOBALAMINA",6
"TOCOFEROLI MISTI CONCENTRATI",6
"TRIAMCINOLONE/CLORFENAMINA",6
"TRIFLUOPERAZINA",6
"TRIMETAZIDINA",6
"ACIDO ARSENIOSO",5
"ALIZAPRIDE",5
"ALOE",5
"AMAMELIDE",5
"AMIFAMPRIDINA",5
"AMINOACIDI/ELETTROLITI",5
"AMMONIO SOLFOITTIOLATO",5
"APOMORFINA",5
"APROTININA/FIBRINOGENO UMANO/TROMBINA UMANA/CALCIO CLORURO",5
"AUROTIOSOLFATO SODICO",5
"BENAZEPRIL/IDROCLOROTIAZIDE",5
"BUFLOMEDIL",5
"BUXAMINA/DIAZEPAM",5
"CANFORA/ETILE SALICILATO/MENTOLO/CAPSAICINA",5
"CARBONE VEGETALE/DIMETICONE",5
"CEFONICID BISODICO",5
"CHININA",5
"CISAPRIDE MONOIDRATA",5
"CISTEAMINA",5
"CORTICORELINA",5
"DEFEROXAMINA",5
"DESCLORFENIRAMINA/GUAIFENESINA/PSEUDOEFEDRINA",5
"DESTRANO 40",5
"DIBROMOTIROSINA",5
"DIIDROERGOTAMINA",5
"EPARAN SOLFATO",5
"ERITROMICINA STEARATO",5
"ESTRADIOLO/LEVONORGESTREL",5
"FENOLDOPAM",5
"FIBRINOGENO UMANO/FATTORE XIII DELLA COAGULAZIONE UMANO/APROTININA BOVINA/TROMBINA UMANA/CALCIO CLORURO",5
"FLUMETASONE/CLIOCHINOLO",5
"FLUNARIZINA",5
"FLURITROMICINA ETILSUCCINATO",5
"GADOFOSVESET TRISODIO",5
"GANIRELIX",5
"GLICEROLO/SODIO CLORURO",5
"IBUPROFENE ISOBUTANOLAMMONIO",5
"IDROSSITRIPTOFANO",5
"INSULINA ZINCO UMANA HM SOSPENSIONE COMPOSTA",5
"KANAMICINA SOLFATO",5
"LEVOCARNITINA CLORIDRATO",5
"LEVOCISTINA",5
"LEVOMETADONE CLORIDRATO",5
"LISATO DI GELATINA",5
"LISOZIMA/FENOLPROPAMINA/TONZILAMINA",5
"LISURIDE MALEATO ACIDO",5
"MECLOCICLINA SOLFOSALICILATO",5
"MEZLOCILLINA",5
"MICONAZOLO/FLUPREDNIDENE ACETATO",5
"PARACETAMOLO/CAFFEINA/CLORFENAMINA MALEATO/ISOPROPAMIDE IODURO",5
"PARACETAMOLO/ISOPROPAMIDE IODURO/DIMETOFRINA/CAFFEINA/CLORFENAMINA/ACIDO ASCORBICO",5
"PAROMOMICINA",5
"PEG (POLIETILENGLICOLE)/SOLUZIONE ELETTROLITICA PER LAVANDA",5
"PERFENAZINA ENANTATO",5
"PIGELINA",5
"PIPAZETATO CLORIDRATO",5
"PIRIBEDIL",5
"POLIAMINOACIDI/SODIO ACETATO TRIIDRATO/FOSFATO BIPOTASSICO/SODIO CLORURO/MAGNESIO CLORURO ESAIDRATO/GLUCOSIO (DESTROSIO) MONOIDRATO/CALCIO CLORURO IDRATO/OLIO DI SOIA",5
"POLICRESULENE",5
"POTASSIO CLORURO/GLUCOSIO (DESTROSIO) MONOIDRATO",5
"PROCAINA CLORIDRATO",5
"PROPACETAMOLO",5
"PROTEINA C UMANA",5
"RETAPAMULINA",5
"RIFAMICINA",5
"SALMETEROLO/FLUTICASONE",5
"SODIO FENILBUTIRRATO",5
"TECNEZIO 99m Tc PERTECNETATO",5
"TECNEZIO 99m Tc TIATIDE",5
"TETRAZEPAM",5
"TIOMERSAL/CARBOMER",5
"TRANILCIPROMINA SOLFATO/TRIFLUOPERAZINA CLORIDRATO",5
"TROXERUTINA",5
"VACCINO TIFOIDEO USO ORALE",5
"VARDENAFIL CLORIDRATO TRIIDRATO",5
"VARENICLINA",5
"ZINCO",5
"ACIDO ALGINICO/ALGELDRATO/MAGNESIO TRISILICATO/SODIO BICARBONATO",4
"ACIDO FUSIDICO EMIIDRATO",4
"ACIDO MECLOFENAMICO",4
"ACIDO SALICILICO/ACIDO LATTICO/RAME ACETATO",4
"ACIDO ZOLEDRONICO EMIPENTAIDRATO",4
"ACIPIMOX",4
"ACLIDINIO BROMURO/FORMOTEROLO FUMARATO DIIDRATO",4
"ALMOTRIPTAN",4
"AMBROXOLO CLORIDRATO/CLENBUTEROLO CLORIDRATO",4
"AMIFOSTINA",4
"ARGENTO NITRATO",4
"ATRACURIO",4
"AVELUMAB",4
"BETALANINA",4
"BIFONAZOLO",4
"CARBAZOCROMO SODIO SOLFONATO",4
"CARNITINA",4
"CEFPROZIL",4
"CEFTOLOZANO SOLFATO/TAZOBACTAM SODICO",4
"CETRIMONIO NAPROXENATO",4
"CETRORELIX",4
"CITIDINA/URIDINA",4
"CLENBUTEROLO CLORIDRATO",4
"CLOPERASTINA CLORIDRATO",4
"CLOREXIDINA GLUCONATO/CETRIMIDE",4
"CLOROBUTANOLO/BENZOCAINA",4
"CLOSTEBOL ACETATO/NEOMICINA SOLFATO",4
"DALTEPARINA",4
"DESTRANO/IDROSSIPROPILMETILCELLULOSA",4
"DICLOROFENILCARBINOLO/AMILMETACRESOLO/SODIO ASCORBATO/ACIDO ASCORBICO",4
"DIFLUCORTOLONE VALERATO/CLORCHINALDOLO",4
"DIIDROCODEINA",4
"DIMETILDIDECILAMMONIO CLORURO",4
"DROPROPIZINA/GUAIFENESINA",4
"ENOXACINA",4
"ENTEROBATTERIO LATTOFERMENTANTE LIOFILIZZATO",4
"ENZIMI DIGESTIVI",4
"ERGOTAMINA",4
"ESAMETAZIMA",4
"ESTRADIOLO BENZOATO/PROGESTERONE",4
"FAMOTIDINA/MAGNESIO IDROSSIDO/CALCIO CARBONATO",4
"FATTORE DI VON WILLEBRAND",4
"FENITOINA/METILFENOBARBITAL/FENOBARBITAL",4
"FENOTEROLO BROMIDRATO/IPRATROPIO BROMURO",4
"FENPROCUMONE",4
"FERRO DESTRANO",4
"FIDAXOMICINA",4
"FLUOCORTOLONE",4
"FOSFATIDILCOLINA",4
"FRANGOLA/CASCARA/SENNA FOGLIE/DOCUSATO SODICO",4
"GADOVERSETAMIDE",4
"GENTAMICINA/BETAMETASONE",4
"GLICINA/ACIDO ACETILSALICILICO",4
"GLICOLE SALICILATO/MENTOLO/BENZILE NICOTINATO/CANFORA RACEMICA/OLIO DI PINO/OLEORESINA DI CAPSICO",4
"GLUCAGONE",4
"GLUCOSIO (DESTROSIO) ANIDRO/SODIO CLORURO/SODIO ACETATO/SODIO GLUCONATO/POTASSIO CLORURO/MAGNESIO CLORURO/POTASSIO ACETATO",4
"ICATIBANT",4
"IDROCORTISONE ACEPONATO",4
"INOSINA",4
"INSULINA UMANA ISOFANO",4
"ISOPROPAMIDE IODURO",4
"KALNACITRATO",4
"LERCANIDIPINA CLORIDRATO EMIIDRATO",4
"LEVOGLUTAMIDE/FOSFOSERINA/CIANOCOBALAMINA",4
"LEVOGLUTAMIDE/LEVOASPARAGINA/FOSFOSERINA/PIRIDOSSINA",4
"LOMITAPIDE",4
"MERBROMINA",4
"MESTEROLONE",4
"METARAMINOLO BITARTRATO",4
"METILIDROSSIPROPILCELLULOSA/BENZALCONIO CLORURO",4
"METOXSALENE",4
"NEOMICINA/SULFATIAZOLO",4
"NETUPITANT/PALONOSETRON CLORIDRATO",4
"NOSCAPINA",4
"NOVOCAINA",4
"OXIMETAZOLINA",4
"PANTETINA/CARNITINA/CIPROEPTADINA",4
"PAPAVERINA CLORIDRATO",4
"PENCICLOVIR",4
"PENTETREOTIDE",4
"PERINDOPRIL TOSILATO/AMLODIPINA BESILATO",4
"PIPERAZINA",4
"PIRIDOSSINA/CODECARBOSSILASI",4
"POLIDERIBOTIDE",4
"RANITIDINA BISMUTO CITRATO",4
"RETINOLO PALMITATO",4
"SAFINAMIDE",4
"SALICILATO DI DIETILAMMONIO/EPARINA SODICA/MENTOLO",4
"SODIO BENZOATO/AMILOCAINA",4
"TECNEZIO 99m Tc TECHNEGAS",4
"TEGAFUR",4
"TERPENI/PINO ESSENZA",4
"TIAGABINA",4
"TIMOLOLO MALEATO/PILOCARPINA CLORIDRATO",4
"TRIIODOTIRONINA",4
"TUROCTOCOG ALFA (FATTORE VIII DI COAGULAZIONE, RICOMBINANTE)",4
"VACCINO EPATITE A INATTIVATO/VACCINO TIFOIDEO",4
"VACCINO MORBILLO/PAROTITE ATTENUATO",4
"VACCINO TIFO/PARATIFO A-B CURATIVO",4
"VIMINOLO PARAIDROSSIBENZOATO",4
"ZINCO OSSIDO",4
"ACIDO ACETILSALICILICO/MAGNESIO IDROSSIDO/ALLUMINIO GLICINATO",3
"ACIDO CROMOGLICICO SALE SODICO",3
"ACIDO PENTETICO",3
"ACQUA PER PREPARAZIONI INIETTABILI",3
"ALCOOL BENZILICO/SODIO BENZOATO",3
"ALLUMINIO IDROSSIDO/MAGNESIO IDROSSIDO",3
"AMINOACIDI/GLUCOSIO (DESTROSIO)",3
"AMLODIPINA MESILATO MONOIDRATO",3
"AMOXICILLINA/DICLOXACILLINA",3
"ANIRACETAM",3
"ARNICA",3
"ATOSIBAN",3
"BEKANAMICINA/TETRIZOLINA/BETAMETASONE",3
"BENDAZAC",3
"BENZIDAMINA IALURONATO",3
"BENZILPENICILLINA SODICA",3
"BESILESOMAB",3
"BETAMETASONE/CLIOCHINOLO",3
"BISKALAMMONIO CITRATO",3
"BUSPIRONE CLORIDRATO",3
"CALCIO CLORURO DIIDRATO",3
"CALCIO GLUCONATO MONOIDRATO",3
"CASCARA/BOLDO/RABARBARO",3
"CEFADROXIL",3
"CEFDITOREN",3
"CLOBETASOLO",3
"CLOREXIDINA ACETATO",3
"CLOREXIDINA CLORIDRATO/IDROSSICHINOLINA SOLFATO",3
"CURCUMA",3
"DESAMETASONE/CLORFENAMINA",3
"DESTROMETORFANO/TRIPROLIDINA/PSEUDOEFEDRINA",3
"DEXRAZOXANO",3
"DIIDROERGOTOSSINA MESILATO",3
"DOCUSATO SODICO/SORBITOLO",3
"ELETRIPTAN",3
"EPARINA SODICA/ALLANTOINA",3
"EPTIFIBATIDE",3
"ERGOTAMINA TARTRATO",3
"ESCINA/EPARINA SODICA/FOSFATIDILCOLINA",3
"ESCINA/TIOCOLCHICOSIDE",3
"ESTRADIOLO EMIIDRATO/NOMEGESTROLO ACETATO",3
"ESTRADIOLO VALERATO/CIPROTERONE ACETATO",3
"EUCALIPTOLO/CLOROBUTANOLO/CANFORA/TIMOLO/MENTOLO",3
"FENILEFRINA/TENILDIAMINA/BENZALCONIO CLORURO",3
"FERRO ACETILTRANSFERRINA",3
"FITOTERAPICI",3
"FITOTERAPICI/LEVULOSIO",3
"FLUOCORTOLONE/CINCOCAINA",3
"FLUOROMETOLONE ACETATO",3
"FROVATRIPTAN",3
"FURAZOLIDONE",3
"GALATTUROGLICANO SOLFATO",3
"GALLIO 67 GA CITRATO",3
"GENTAMICINA/BECLOMETASONE",3
"GLUCOSIO (DESTROSIO) ANIDRO/COMPLESSO VITAMINICO",3
"GUAIFENESINA",3
"IDOXURIDINA",3
"IDROCORTISONE SODIO FOSFATO",3
"IDROCORTISONE/DIPROFILLINA",3
"INSULINA UMANA HM INIETTABILE NEUTRA",3
"INSULINA UMANA ISOFANO HM",3
"IPPOCASTANO SEMI",3
"ISONIAZIDE/PIRIDOSSINA",3
"ISOPRENALINA CLORIDRATO",3
"LACTOBACILLUS ACIDOPHILUS/LACTOBACILLUS DELBRUECKII/STREPTOCOCCUS THERMOPHILUS",3
"LEVOARGININA",3
"LISOZIMA CLORIDRATO",3
"LOPERAMIDE CLORIDRATO/SIMETICONE",3
"MAGNESIO CARBONATO BASICO LEGGERO/SODIO BICARBONATO/CALCIO CARBONATO",3
"MAGNESIO POLIGALATTURONATO/CALCIO PANTOTENATO/DIMETICONE/PROMETAZINA",3
"METFORMINA/GLICICLAMIDE",3
"METILFENOBARBITAL",3
"METOCLOPRAMIDE DICLORIDRATO",3
"METOPROLOLO SUCCINATO",3
"MEZLOCILLINA SODICA MONOIDRATA",3
"MIVACURIO",3
"MOLSIDOMINA",3
"NADROPARINA",3
"NIAOULI ESSENZA",3
"NICLOSAMIDE",3
"NICOTINA BITARTRATO DIIDRATO",3
"OLIO DI OLIVA PURIFICATO/OLIO DI SOIA PURIFICATO",3
"OLIO DI OLIVA/OLIO DI PESCE ARRICCHITO IN ACIDI OMEGA 3/OLIO DI SEMI DI SOIA/TRIGLICERIDI A MEDIA CATENA",3
"OMATROPINA BROMIDRATO",3
"PANCURONIO BROMURO",3
"PANTETINA",3
"PARACETAMOLO/ACIDO ACETILSALICILICO/ACIDO ASCORBICO",3
"PARACETAMOLO/GUAIFENESINA/FENILEFRINA CLORIDRATO",3
"PARAMINOSALICILATO SODICO DIIDRATO",3
"PARSALAMIDE",3
"PERINDOPRIL TOSILATO/INDAPAMIDE",3
"PIOGLITAZONE/GLIMEPIRIDE",3
"PIPETANATO ETOBROMURO",3
"PIRENOSSINA",3
"PIXANTRONE",3
"POTASSIO BICARBONATO",3
"PRANOPROFENE",3
"PRIFINIO BROMURO",3
"PROCLORPERAZINA DIMALEATO",3
"PROTAMINA",3
"PROTAMINA SOLFATO",3
"RIBOFLAVINFOSFATO SODICO",3
"SIERIMMUNE ANTITETANICO EQUINO USO UMANO",3
"SODIO CITRATO",3
"SODIO CLORURO/POTASSIO CLORURO/MAGNESIO CLORURO ESAIDRATO/CALCIO CLORURO BIIDRATO/SODIO BICARBONATO",3
"SOLUZIONE PER EMOFILTRAZIONE",3
"SOMATOSTATINA ACETATO",3
"STANOZOLOLO",3
"TARASSACO",3
"TEDUGLUTIDE",3
"TENIPOSIDE",3
"TETRACAINA/SULFOGUAIACOLO/ACIDO SALICILICO/MENTOLO/FITOTERAPICI",3
"TIMO/BALSAMO DEL TOLU'/GRINDELIA",3
"TIROIDE SECCA",3
"TIROTROPINA",3
"TOSSINA BOTULINICA DI CLOSTRIDIUM BOTULINUM TIPO B",3
"TRIFLUSAL",3
"VALERIANA ESTRATTO",3
"VINCAMINA",3
"VINDESINA",3
"ZINCO CLORURO/ETANOLO/SODIO MONOFLUOROFOSFATO",3
"ZINCO FENOLSOLFONATO/SULFACETAMIDE SODICA/NAFAZOLINA CLORIDRATO/LIDOCAINA CLORIDRATO",3
"ACAMPROSATO",2
"ACEGLUTAMIDE/LEVOASPARAGINA/SERINFOSFATO/PIRIDOSSINA",2
"ACIDO ACETICO GLACIALE",2
"ACIDO DESOSSICOLICO",2
"ACIDO PAMIDRONICO SALE SODICO",2
"ADENOSINA FOSFATO",2
"ALFENTANIL CLORIDRATO",2
"ALGELDRATO/CAOLINO PESANTE/PECTINA",2
"ALGLUCOSIDASI ALFA",2
"ALLUMINIO IDROSSIDO",2
"ALOTANO",2
"AMMONIO SOLFOITTIOLATO/ACIDO SALICILICO/BETAMETASONE VALERATO ACETATO",2
"ANATOSSINA DIFTERICA, TETANICA, PERTOSSICA/EMOAGGLUTININA FILAMENTOSA/PROTEINA MEMBRANA ESTERNA 69kDa/VIRUS POLIOM.INATT.TIPI: 1-2-3/POLISACCARIDE PRP HAEMOPHILUS INFLUENZAE B CONIUG.TOSSOIDE TETANICO",2
"ARTEMETERE",2
"ATALUREN",2
"AVIBACTAM",2
"AZANIDAZOLO",2
"BARBITAL",2
"BENDAZAC SALE DI LISINA",2
"BENZALCONIO CLORURO/ACIDO POLIACRILICO",2
"BETAMETASONE/TETRIZOLINA/CLORAMFENICOLO/NITROFURAZONE",2
"BISOPROLOLO FUMARATO/PERINDOPRIL ARGININA",2
"BUPIVACAINA CLORIDRATO/ADRENALINA BITARTRATO",2
"CALCIO GLUCONATO/CALCIO GLUCOEPTONATO/COLECALCIFEROLO",2
"CARBETOCINA",2
"CASSIA/SENNA FOGLIE",2
"CEFTIZOXIMA",2
"CEFTOBIPROLO MEDOCARIL",2
"CHINIDINA",2
"CISAPRIDE",2
"CLOROTIAZIDE",2
"CODEINA/EDERA",2
"DEANOLO ACETABENZOATO",2
"DESAMETASONE/CLORFENAMINA MALEATO",2
"DIAZEPAM/ISOPROPAMIDE IODURO",2
"DICLOFENAMIDE SODICA",2
"DICLOROFENILCARBINOLO/TERPINA IDRATA/MENGLITATO",2
"DIMEFLINA CLORIDRATO",2
"DINOPROST SALE DI TROMETAMOLO",2
"DOMIODOLO",2
"DOXAZOSINA METILSULFONATO",2
"EFMOROCTOCOG ALFA",2
"EPARAN SOLFATO SALE SODICO",2
"ESETIDINA",2
"ESLICARBAZEPINA",2
"ESTRADIOLO EMIIDRATO",2
"ESTRADIOLO VALERATO/MEDROSSIPROGESTERONE ACETATO",2
"ESTRADIOLO/NORETISTERONE",2
"ESTROGENI CONIUGATI NATURALI",2
"ESTROGENI CONIUGATI NATURALI/MEDROSSIPROGESTERONE ACETATO",2
"ETAMSILATO",2
"EUCALIPTO",2
"FATTORE VII DI COAGULAZIONE DEL SANGUE UMANO LIOFILIZZATO",2
"FENAZONE",2
"FENAZOPIRIDINA CLORIDRATO",2
"FENITOINA/FENOBARBITAL",2
"FENOLFTALEINA",2
"FERRICO OSSIDO SACCARATO",2
"FERROSO CLORURO/ZINCO CLORURO/MANGANESE CLORURO/CLORURO RAMEICO/CLORURO CROMICO/SODIO SELENITO PENTAIDRATO/SODIO MOLIBDATO DIIDRATO/POTASSIO IODURO/SODIO FLUORURO",2
"FERUCARBOTRAN",2
"FLAVOXATO CLORIDRATO",2
"FLUOROMETOLONE/TETRIZOLINA",2
"FOLLITROPINA ALFA/LUTROPINA ALFA",2
"FOMEPIZOLO",2
"FOSFENITOINA SODICA",2
"FRAZIONE FOSFOLIPIDICA DA POLMONE DI SUINO",2
"FUCSINA",2
"GALLOPAMIL CLORIDRATO",2
"GANGLIOSIDI",2
"GLICEROLO 85%",2
"GLUCOSIO (DESTROSIO) ANIDRO/SODIO CLORURO",2
"GOMMA STERCULIA",2
"ICATIBANT ACETATO",2
"IDROCORTISONE EMISUCCINATO",2
"IDROCORTISONE/DESOSSICORTONE/ALDOSTERONE/PRASTERONE/GLUCOSIO (DESTROSIO) ANIDRO",2
"IDROCORTISONE/ESCULINA/BENZOCAINA/BENZALCONIO CLORURO",2
"IDROCORTISONE/NEOMICINA",2
"IDROCORTISONE/TETRACICLINA/MALVA",2
"IMIDAZATO",2
"INSULINA UMANA HM INIETTABILE NEUTRA/INSULINA UMANA ISOFANO HM",2
"IODIO-123I-IOBENGUANO",2
"IODIO-131I-NORCOLESTEROLO",2
"IRBESARTAN CLORIDRATO",2
"ITTRIO-90-CITRATO",2
"LACTOBACILLUS PLANTARUM",2
"LEVAMISOLO CLORIDRATO",2
"LEVOCARNITINA/COBAMAMIDE",2
"LEVOCETIRIZINA",2
"LH",2
"LIDOCAINA CLORIDRATO/NORADRENALINA TARTRATO",2
"LIQUIRIZIA/SULFOGUAIACOLO",2
"LODOXAMIDE SALE DI TROMETAMOLO",2
"MAGNESIO ACETATO",2
"MANNITOLO/SODIO CLORURO",2
"MENGLITATO/ACIDO ASCORBICO",2
"MENTOLO/CANFORA",2
"MENTOLO/FITOTERAPICI",2
"MEPIRAMINA",2
"MEPROBAMATO",2
"METILE SALICILATO/MENTOLO/CANFORA",2
"METILNALTREXONE BROMURO",2
"METIXENE CLORIDRATO MONOIDRATO",2
"METOCARBAMOLO",2
"METOPROLOLO FUMARATO",2
"MILRINONE",2
"MOMETASONE",2
"MONOFOSFOTIAMINA/IDROXOCOBALAMINA",2
"NAFAZOLINA",2
"NAFTIDROFURILE",2
"NEOMICINA SOLFATO",2
"OLIO DI RICINO",2
"OXANDROLONE",2
"OXOLAMINA CITRATO",2
"PARACETAMOLO/CAFFEINA/FENILEFRINA CLORIDRATO",2
"PARACETAMOLO/PROMETAZINA CLORIDRATO/DESTROMETORFANO BROMIDRATO",2
"PINO ESSENZA/GUAIFENESINA",2
"PITOLISANT",2
"POLIENACIDO",2
"POTASSIO FOSFATO BIBASICO",2
"POTASSIO IODURO",2
"PREDNISOLONE FOSFATO SODICO",2
"PREDNISOLONE/NEOMICINA",2
"REGADENOSON",2
"RESERPINA",2
"RETINOLO/COLECALCIFEROLO/CALCIO CARBONATO",2
"RETINOLO/TOCOFEROLO NICOTINATO ALFA",2
"RILMENIDINA",2
"RUFLOXACINA",2
"SODIO CLORURO/POTASSIO ACETATO/POTASSIO FOSFATO BIBASICO/MAGNESIO SOLFATO EPTAIDRATO/CALCIO GLUCONATO MONOIDRATO/GLUCOSIO (DESTROSIO) MONOIDRATO",2
"SODIO CLORURO/POTASSIO CLORURO/MAGNESIO CLORURO/SODIO ACETATO/SODIO GLUCONATO/GLUCOSIO (DESTROSIO) MONOIDRATO",2
"SODIO CLORURO/SODIO BICARBONATO/MAGNESIO SOLFATO",2
"SODIO LATTATO",2
"SODIO OSSIDRONATO",2
"SOMATORELINA ACETATO IDRATO",2
"STREPTOZOCINA",2
"SULTAMICILLINA TOSILATO",2
"TAZAROTENE",2
"TECNEZIO 99m Tc OXIDRONATO",2
"TEMAFLOXACINA",2
"TESTOSTERONE ESTERI IN ASSOCIAZIONE",2
"TIETILPERAZINA MALEATO",2
"TRIMEBUTINA/ACIDO DEIDROCOLICO/PANCREAS POLVERE/BROMELAINA/DIMETICONE",2
"TUBERCOLINA DERIVATO PROTEICO PURIFICATO RT 23 PER USO UMANO",2
"ULIPRISTAL",2
"VACCINO CATARRALE PROFILATTICO",2
"VACCINO DIFTERITE/HAEMOPHILUS INFLUENZAE B/PERTOSSE/TETANO",2
"VACCINO PAROTITICO VIVO",2
"VALERIANA/PASSIFLORA/MENTA",2
"ZALCITABINA",2
"ZOLPIDEM EMITARTRATO",2
"ACEBUTOLOLO",1
"ACIDO BORICO/FENOLO/FUCSINA/RESORCINA",1
"ACIDO GLUTAMMICO/ACIDO LATTOBIONICO/CALCIO CLORURO/GLUTATIONE/ISTIDINA/MAGNESIO CLORURO/MANNITOLO/POTASSIO CLORURO/SODIO IDROSSIDO",1
"ACIDO NALIDIXICO",1
"ACIDO NICOTINICO",1
"ACIDO RISEDRONICO/CALCIO CARBONATO/COLECALCIFEROLO",1
"ACIDO SALICICO",1
"ACIDO UNDECILENICO/ACIDO USNICO/ACIDO SALICILICO/ALLUMINIO ACETATO",1
"ACIDO URSODESOSSICOLICO BIS EMISUCCINATO DISODICO",1
"ACQUA DEPURATA/POLICARBOFIL",1
"ALCINONIDE/ACIDO SALICILICO",1
"ALCLOMETASONE DIPROPIONATO",1
"ALDOSTERONE",1
"ALLUMINIO FOSFATO",1
"AMINOFENAZONE/BARBITALE/AMINOFENAZONE",1
"AMINOFILLINA DIIDRATO",1
"AMLODIPINA BESILATO/VALSARTAN",1
"AMPICILLINA/CLOXACILLINA",1
"AMPRENAVIR",1
"ARGENTO METALLICO/BENZOPEROSSIDO",1
"ARGENTO VITELLINATO",1
"ARGININA PIDOLATO/CIANOCOBALAMINA",1
"ARTEMISININA",1
"BAZEDOXIFENE ACETATO",1
"BENZALCONIO CLORURO/ACIDO TANNICO",1
"BENZALCONIO CLORURO/CLOREXIDINA DIGLUCONATO/ETANOLO",1
"BERBERINA",1
"BETACAROTENE",1
"BETAMETASONE ACETATO",1
"BETAMETASONE FOSFATO DISODICO/BETAMETASONE ACETATO",1
"BETAMETASONE VALEROACETATO",1
"BETAMETASONE/CLOROSSINA",1
"BROMELINA/ESCINA",1
"BROMFENAC",1
"BUPIVACAINA/ADRENALINA",1
"BUPRENORFINA/NALOXONE",1
"BUTIZIDE",1
"CALCIO CLORURO/MAGNESIO CLORURO",1
"CALCIO FLUORURO/SODIO FLUORURO",1
"CALCIO SACCARATO/CALCIO LATTATO/SODIO BENZOATO/SODIO BROMURO",1
"CALCITONINA UMANA",1
"CANFORA",1
"CAPSAICINA",1
"CARBOCISTEINA SALE DI LISINA MONOIDRATO",1
"CARBONE ATTIVO",1
"CARBONE VEGETALE",1
"CARDO MARIANO ESTRATTO",1
"CEFALOTINA SODICA",1
"CEFMETAZOLO",1
"CEFMETAZOLO SODICO",1
"CEFRADINA",1
"CEFTAROLINA FOSAMIL ACIDO ACETICO MONOIDRATO SOLVATATO",1
"CELLULASI",1
"CERIVASTATINA SODICA",1
"CHININA BICLORIDRATO",1
"CLEMASTINA FUMARATO ACIDO",1
"CLOFAZIMINA",1
"CLORMETINA",1
"CLOXACILLINA",1
"CODEINA FOSFATO",1
"CODEINA FOSFATO EMIDRATO",1
"COLLAGENE",1
"CONDROITIN SODIO SOLFATO/SODIO IALURONATO",1
"DALBAVANCINA",1
"DIBUTIL CARBOETILENE",1
"DICLOROFENILCARBINOLO/ARGENTO PROTEINATO/DESAMETASONE 21-FOSFATO DISODICO",1
"DROPROPIZINA/TIMO SERPILLO",1
"EFLORNITINA CLORIDRATO",1
"ELIGLUSTAT TARTRATO",1
"ENFLURANO",1
"ENZIMI PROTEOLITICI",1
"EPARINOIDE",1
"ETAMBUTOLO/ISONIAZIDE",1
"ETAMIDO/ELETTROLITI",1
"ETAMIDO/MS1/ACIDO LATTOBIONICO/POTASSIO IDROSSIDO/SODIO IDROSSIDO/ADENOSINA/ALLOPURINOLO/POTASSIO FOSFATO MONOBASICO/MAGNESIO SOLFATO EPTAIDRATO/RAFFINOSIO PENTAIDRATO/GLUTATIONE",1
"ETINILESTRADIOLO/NORETISTERONE",1
"FATTORE II/FATTORE VII/FATTORE IX/FATTORE X DELLA COAGULAZIONE/PROTEINA C/PROTEINA S",1
"FELBINAC",1
"FENFLURAMINA CLORIDRATO",1
"FENILPROPANOLAMINA CLORIDRATO",1
"FENOFIBRATO/SIMVASTATINA",1
"FENOSSIMETILPENICILLINA",1
"FENOSSIMETILPENICILLINA POTASSICA",1
"FENOTEROLO",1
"FERRIPOLICONDRO",1
"FERRITINA/CALCIO FOLINATO",1
"FERRO CLORURO",1
"FERROSO SOLFATO/SODIO ASCORBATO",1
"FESOTERODINA",1
"FIBRINOGENO UMANO",1
"FLUOCINOLONE ACETONIDE/ERITROMICINA",1
"FLUOCINONIDE",1
"FLUORODOPA (18F)",1
"FLURBIPROFENE SODICO",1
"FOSFOSERINA/ARGININA TREONINFOSFATO/LEVOGLUTAMIDE/LEVOTRIPTOFANO/COBAMAMIDE/ACIDO FOLINICO",1
"FURPROFENE",1
"GLICINA/ETANOLO",1
"GUANFACINA",1
"IDROCORTISONE/POLIMIXINA B/NEOMICINA/LIDOCAINA",1
"IDROXIZINA CLORIDRATO",1
"IMIDAZOLO",1
"IMIPENEM MONOIDRATO",1
"INSULINA PORCINA MC INIETTABILE NEUTRA",1
"INSULINA ZINCO PORCINA MC SOSPENSIONE AMORFA/INSULINA ZINCO BOVINA MC SOSPENSIONE CRISTALLINA",1
"INSULINA ZINCO UMANA DA DNA RICOMBINANTE",1
"INTERFERONE GAMMA",1
"INTERFERONE GAMMA 1B",1
"IPPOCASTANO SEMI/CARDO MARIANO SEMI/AMAMELIDE",1
"ISOTIPENDILE CLORIDRATO",1
"ISOTRETINOINA/ERITROMICINA",1
"LACTOBACILLUS ACIDOPHILUS VIVO LIOFILIZZATO",1
"LANOLINA",1
"LEVOARGININA CLORIDRATO",1
"LEVOCARNITINA/GLICOCINNAMINA/COLINA BITARTRATO/COMPLESSO VITAMINICO",1
"LEVODOPA METILCLORIDRATO",1
"LIDOCAINA CLORIDRATO/IDROCORTISONE ACETATO",1
"LISINA CLORIDRATO",1
"MAGNESIO CARBONATO",1
"MAGNESIO IDROSSIDO/ALGELDRATO/CALCIO CARBONATO",1
"MAGNESIO SOLFATO EPTAIDRATO",1
"MELEVODOPA CLORIDRATO",1
"MENTOLO",1
"MENTOLO/TALCO",1
"MERCAPTAMINA (CISTEAMINA)",1
"METILE SALICILATO/LEVOMENTOLO/CANFORA",1
"METIZOLINA CLORIDRATO",1
"MIANSERINA",1
"MILTEFOSINA",1
"MORFINA CLORIDRATO/ATROPINA SOLFATO",1
"MUROMONAB CD3",1
"NAPROXENE BETAINATO SODICO",1
"NELTENEXINA",1
"NEOSTIGMINA BROMURO",1
"NEPINALONE CLORIDRATO",1
"NICORANDIL",1
"NONIVAMIDE/NICOBOXILE",1
"OLIO DI FEGATO DI MERLUZZO",1
"OLIO DI OLIVA/POTASSIO IDROSSIDO/ALCOOL",1
"OLIO DI SESAMO",1
"OXERUTINA/SODIO CALCIO METILGALATTOPOLISOLFATO",1
"OXIBUTININA",1
"PANTENOLO",1
"PARACETAMOLO/ACIDO ACETILSALICILICO",1
"PARAFFINA MOLLE",1
"PENTAERITRITILE TETRANITRATO",1
"PENTAZOCINA",1
"PENTAZOCINA LATTATO",1
"PIRENOSSINA SODICA",1
"PITOLISANT CLORIDRATO",1
"PIXANTRONE DIMALEATO",1
"PIZOTIFENE",1
"POLIGALA",1
"POLIGALA/NARCEINA",1
"POTASSIO ACETATO",1
"POTASSIO BROMURO",1
"POTASSIO CLORAZEPATO",1
"POTASSIO CLORURO/SODIO CLORURO",1
"PRENOXDIAZINA",1
"PROBENECID",1
"PROCAINAMIDE CLORIDRATO",1
"PROPACETAMOLO CLORIDRATO",1
"PROTEINE DI P.M. 30KD - 300KD",1
"PROTIONAMIDE",1
"RESERPINA/DIIDRALAZINA/IDROCLOROTIAZIDE",1
"ROFECOXIB",1
"ROSIGLITAZONE MALEATO/GLIMEPIRIDE",1
"RUPATADINA",1
"SCOPOLAMINA BUTILBROMURO/PARACETAMOLO",1
"SERTACONAZOLO NITRATO",1
"SODIO AUROTIOMALATO",1
"SODIO FLUORURO/CALCIO GLUCONATO",1
"SODIO GLICEROFOSFATO/VALERIANA",1
"SODIO GLUCOPOLISOLFATO",1
"SOMATOSTATINA ACETATO IDRATO",1
"STREPTOMICINA SOLFATO",1
"SUCCINILGELATINA",1
"SUCCINILGELATINA/SODIO CLORURO/SODIO ACETATO TRIIDRATO/POTASSIO CLORURO/CALCIO CLORURO DIIDRATO/MAGNESIO CLORURO ESAIDRATO",1
"SULBACTAM SODICO",1
"TELMESTEINA",1
"TEOFILLINA MONOIDRATO",1
"TERBUTALINA SOLFATO",1
"TESTOSTERONE CIPIONATO",1
"TESTOSTERONE DECANOATO",1
"TESTOSTERONE ENANTATO/TESTOSTERONE PROPIONATO",1
"TETRACOSACTIDE",1
"TETRIZOLINA/CLORFENAMINA",1
"TIAMAZOLO (METIMAZOLO)/DIBROMOTIROSINA",1
"TIAMFENICOLO",1
"TIAMFENICOLO GLICINATO CLORIDRATO",1
"TIEMONIO METILSOLFATO",1
"TIORIDAZINA",1
"TIORIDAZINA CLORIDRATO",1
"TOFISOPAM",1
"TOREMIFENE CITRATO",1
"TRIAMTERENE/IDROCLOROTIAZIDE",1
"TRIGLICERIDI A CATENA MEDIA/OLIO DI SOIA/TRIGLICERIDI CON ACIDI GRASSI OMEGA 3",1
"VACCINO HAEMOPHILUS INFLUENZAE B CONIUGATO CON PROTEINA MENINGOCOCCICA ED EPATITE B RICOMBINANTE",1
"VACCINO INFLUENZA PREPANDEMICO",1
"VACCINO PERTOSSICO",1
"VALERIANA/MELISSA",1
"VALERIANA/PASSIFLORA/BIANCOSPINO FIORI",1
"VILANTEROLO",1
"XANTOPTERINA/CLORAMFENICOLO/RETINOLO/RIBOFLAVINA/ERGOCALCIFEROLO/CALCIO PANTOTENATO/TOCOFEROLO ALFA",1
